INSURANCE_OBJECT_ID;INSURANCE_CATEGORY_ID;INSURANCE_ACCOUNT_ID;LOCATION_ID;TIME;VALUE;
001;001;ACC001;001;201901;284.00;
001;001;ACC001;001;201902;243.00;
001;001;ACC001;001;201903;272.00;
001;001;ACC001;001;201904;248.00;
001;001;ACC001;001;201905;248.00;
001;001;ACC001;001;201801;241.00;
001;001;ACC001;001;201802;275.00;
001;001;ACC001;001;201803;260.00;
001;001;ACC001;001;201804;295.00;
001;001;ACC001;001;201805;211.00;
001;001;ACC001;001;201806;213.00;
001;001;ACC001;001;201807;261.00;
001;001;ACC001;001;201808;238.00;
001;001;ACC001;001;201809;254.00;
001;001;ACC001;001;201810;223.00;
001;001;ACC001;001;201811;242.00;
001;001;ACC001;001;201812;257.00;
001;001;ACC001;002;201901;286.00;
001;001;ACC001;002;201902;270.00;
001;001;ACC001;002;201903;238.00;
001;001;ACC001;002;201904;251.00;
001;001;ACC001;002;201905;290.00;
001;001;ACC001;002;201801;269.00;
001;001;ACC001;002;201802;217.00;
001;001;ACC001;002;201803;296.00;
001;001;ACC001;002;201804;261.00;
001;001;ACC001;002;201805;249.00;
001;001;ACC001;002;201806;241.00;
001;001;ACC001;002;201807;286.00;
001;001;ACC001;002;201808;205.00;
001;001;ACC001;002;201809;231.00;
001;001;ACC001;002;201810;235.00;
001;001;ACC001;002;201811;255.00;
001;001;ACC001;002;201812;276.00;
001;001;ACC001;003;201901;215.00;
001;001;ACC001;003;201902;290.00;
001;001;ACC001;003;201903;290.00;
001;001;ACC001;003;201904;214.00;
001;001;ACC001;003;201905;227.00;
001;001;ACC001;003;201801;276.00;
001;001;ACC001;003;201802;246.00;
001;001;ACC001;003;201803;286.00;
001;001;ACC001;003;201804;291.00;
001;001;ACC001;003;201805;206.00;
001;001;ACC001;003;201806;263.00;
001;001;ACC001;003;201807;222.00;
001;001;ACC001;003;201808;273.00;
001;001;ACC001;003;201809;228.00;
001;001;ACC001;003;201810;291.00;
001;001;ACC001;003;201811;239.00;
001;001;ACC001;003;201812;260.00;
001;001;ACC001;004;201901;266.00;
001;001;ACC001;004;201902;217.00;
001;001;ACC001;004;201903;247.00;
001;001;ACC001;004;201904;269.00;
001;001;ACC001;004;201905;294.00;
001;001;ACC001;004;201801;273.00;
001;001;ACC001;004;201802;254.00;
001;001;ACC001;004;201803;252.00;
001;001;ACC001;004;201804;286.00;
001;001;ACC001;004;201805;291.00;
001;001;ACC001;004;201806;233.00;
001;001;ACC001;004;201807;273.00;
001;001;ACC001;004;201808;290.00;
001;001;ACC001;004;201809;280.00;
001;001;ACC001;004;201810;278.00;
001;001;ACC001;004;201811;206.00;
001;001;ACC001;004;201812;262.00;
001;001;ACC001;005;201901;238.00;
001;001;ACC001;005;201902;233.00;
001;001;ACC001;005;201903;252.00;
001;001;ACC001;005;201904;243.00;
001;001;ACC001;005;201905;258.00;
001;001;ACC001;005;201801;293.00;
001;001;ACC001;005;201802;292.00;
001;001;ACC001;005;201803;265.00;
001;001;ACC001;005;201804;299.00;
001;001;ACC001;005;201805;263.00;
001;001;ACC001;005;201806;253.00;
001;001;ACC001;005;201807;273.00;
001;001;ACC001;005;201808;287.00;
001;001;ACC001;005;201809;221.00;
001;001;ACC001;005;201810;250.00;
001;001;ACC001;005;201811;247.00;
001;001;ACC001;005;201812;245.00;
001;001;ACC001;006;201901;265.00;
001;001;ACC001;006;201902;218.00;
001;001;ACC001;006;201903;207.00;
001;001;ACC001;006;201904;206.00;
001;001;ACC001;006;201905;221.00;
001;001;ACC001;006;201801;216.00;
001;001;ACC001;006;201802;235.00;
001;001;ACC001;006;201803;261.00;
001;001;ACC001;006;201804;240.00;
001;001;ACC001;006;201805;285.00;
001;001;ACC001;006;201806;213.00;
001;001;ACC001;006;201807;212.00;
001;001;ACC001;006;201808;201.00;
001;001;ACC001;006;201809;226.00;
001;001;ACC001;006;201810;285.00;
001;001;ACC001;006;201811;216.00;
001;001;ACC001;006;201812;211.00;
001;002;ACC001;001;201901;289.00;
001;002;ACC001;001;201902;258.00;
001;002;ACC001;001;201903;287.00;
001;002;ACC001;001;201904;217.00;
001;002;ACC001;001;201905;207.00;
001;002;ACC001;001;201801;223.00;
001;002;ACC001;001;201802;255.00;
001;002;ACC001;001;201803;204.00;
001;002;ACC001;001;201804;295.00;
001;002;ACC001;001;201805;210.00;
001;002;ACC001;001;201806;201.00;
001;002;ACC001;001;201807;279.00;
001;002;ACC001;001;201808;299.00;
001;002;ACC001;001;201809;269.00;
001;002;ACC001;001;201810;282.00;
001;002;ACC001;001;201811;226.00;
001;002;ACC001;001;201812;245.00;
001;002;ACC001;002;201901;214.00;
001;002;ACC001;002;201902;260.00;
001;002;ACC001;002;201903;298.00;
001;002;ACC001;002;201904;255.00;
001;002;ACC001;002;201905;217.00;
001;002;ACC001;002;201801;216.00;
001;002;ACC001;002;201802;216.00;
001;002;ACC001;002;201803;281.00;
001;002;ACC001;002;201804;218.00;
001;002;ACC001;002;201805;208.00;
001;002;ACC001;002;201806;279.00;
001;002;ACC001;002;201807;252.00;
001;002;ACC001;002;201808;297.00;
001;002;ACC001;002;201809;237.00;
001;002;ACC001;002;201810;267.00;
001;002;ACC001;002;201811;257.00;
001;002;ACC001;002;201812;276.00;
001;002;ACC001;003;201901;232.00;
001;002;ACC001;003;201902;292.00;
001;002;ACC001;003;201903;259.00;
001;002;ACC001;003;201904;227.00;
001;002;ACC001;003;201905;257.00;
001;002;ACC001;003;201801;294.00;
001;002;ACC001;003;201802;252.00;
001;002;ACC001;003;201803;201.00;
001;002;ACC001;003;201804;226.00;
001;002;ACC001;003;201805;205.00;
001;002;ACC001;003;201806;234.00;
001;002;ACC001;003;201807;282.00;
001;002;ACC001;003;201808;241.00;
001;002;ACC001;003;201809;215.00;
001;002;ACC001;003;201810;230.00;
001;002;ACC001;003;201811;285.00;
001;002;ACC001;003;201812;255.00;
001;002;ACC001;004;201901;211.00;
001;002;ACC001;004;201902;225.00;
001;002;ACC001;004;201903;217.00;
001;002;ACC001;004;201904;255.00;
001;002;ACC001;004;201905;271.00;
001;002;ACC001;004;201801;241.00;
001;002;ACC001;004;201802;270.00;
001;002;ACC001;004;201803;235.00;
001;002;ACC001;004;201804;289.00;
001;002;ACC001;004;201805;214.00;
001;002;ACC001;004;201806;275.00;
001;002;ACC001;004;201807;252.00;
001;002;ACC001;004;201808;297.00;
001;002;ACC001;004;201809;273.00;
001;002;ACC001;004;201810;233.00;
001;002;ACC001;004;201811;221.00;
001;002;ACC001;004;201812;222.00;
001;002;ACC001;005;201901;237.00;
001;002;ACC001;005;201902;289.00;
001;002;ACC001;005;201903;267.00;
001;002;ACC001;005;201904;217.00;
001;002;ACC001;005;201905;257.00;
001;002;ACC001;005;201801;265.00;
001;002;ACC001;005;201802;245.00;
001;002;ACC001;005;201803;254.00;
001;002;ACC001;005;201804;290.00;
001;002;ACC001;005;201805;210.00;
001;002;ACC001;005;201806;282.00;
001;002;ACC001;005;201807;299.00;
001;002;ACC001;005;201808;276.00;
001;002;ACC001;005;201809;292.00;
001;002;ACC001;005;201810;248.00;
001;002;ACC001;005;201811;266.00;
001;002;ACC001;005;201812;242.00;
001;002;ACC001;006;201901;225.00;
001;002;ACC001;006;201902;241.00;
001;002;ACC001;006;201903;239.00;
001;002;ACC001;006;201904;221.00;
001;002;ACC001;006;201905;260.00;
001;002;ACC001;006;201801;251.00;
001;002;ACC001;006;201802;288.00;
001;002;ACC001;006;201803;292.00;
001;002;ACC001;006;201804;267.00;
001;002;ACC001;006;201805;279.00;
001;002;ACC001;006;201806;277.00;
001;002;ACC001;006;201807;249.00;
001;002;ACC001;006;201808;229.00;
001;002;ACC001;006;201809;232.00;
001;002;ACC001;006;201810;200.00;
001;002;ACC001;006;201811;260.00;
001;002;ACC001;006;201812;218.00;
002;001;ACC001;001;201901;278.00;
002;001;ACC001;001;201902;241.00;
002;001;ACC001;001;201903;218.00;
002;001;ACC001;001;201904;238.00;
002;001;ACC001;001;201905;253.00;
002;001;ACC001;001;201801;260.00;
002;001;ACC001;001;201802;271.00;
002;001;ACC001;001;201803;201.00;
002;001;ACC001;001;201804;281.00;
002;001;ACC001;001;201805;230.00;
002;001;ACC001;001;201806;287.00;
002;001;ACC001;001;201807;236.00;
002;001;ACC001;001;201808;213.00;
002;001;ACC001;001;201809;221.00;
002;001;ACC001;001;201810;227.00;
002;001;ACC001;001;201811;285.00;
002;001;ACC001;001;201812;255.00;
002;001;ACC001;002;201901;247.00;
002;001;ACC001;002;201902;292.00;
002;001;ACC001;002;201903;281.00;
002;001;ACC001;002;201904;201.00;
002;001;ACC001;002;201905;276.00;
002;001;ACC001;002;201801;238.00;
002;001;ACC001;002;201802;278.00;
002;001;ACC001;002;201803;224.00;
002;001;ACC001;002;201804;289.00;
002;001;ACC001;002;201805;285.00;
002;001;ACC001;002;201806;268.00;
002;001;ACC001;002;201807;204.00;
002;001;ACC001;002;201808;261.00;
002;001;ACC001;002;201809;278.00;
002;001;ACC001;002;201810;282.00;
002;001;ACC001;002;201811;238.00;
002;001;ACC001;002;201812;257.00;
002;001;ACC001;003;201901;214.00;
002;001;ACC001;003;201902;207.00;
002;001;ACC001;003;201903;248.00;
002;001;ACC001;003;201904;204.00;
002;001;ACC001;003;201905;271.00;
002;001;ACC001;003;201801;281.00;
002;001;ACC001;003;201802;268.00;
002;001;ACC001;003;201803;219.00;
002;001;ACC001;003;201804;279.00;
002;001;ACC001;003;201805;220.00;
002;001;ACC001;003;201806;201.00;
002;001;ACC001;003;201807;256.00;
002;001;ACC001;003;201808;254.00;
002;001;ACC001;003;201809;258.00;
002;001;ACC001;003;201810;250.00;
002;001;ACC001;003;201811;263.00;
002;001;ACC001;003;201812;274.00;
002;001;ACC001;004;201901;284.00;
002;001;ACC001;004;201902;207.00;
002;001;ACC001;004;201903;278.00;
002;001;ACC001;004;201904;217.00;
002;001;ACC001;004;201905;202.00;
002;001;ACC001;004;201801;202.00;
002;001;ACC001;004;201802;240.00;
002;001;ACC001;004;201803;213.00;
002;001;ACC001;004;201804;264.00;
002;001;ACC001;004;201805;274.00;
002;001;ACC001;004;201806;203.00;
002;001;ACC001;004;201807;296.00;
002;001;ACC001;004;201808;219.00;
002;001;ACC001;004;201809;251.00;
002;001;ACC001;004;201810;205.00;
002;001;ACC001;004;201811;297.00;
002;001;ACC001;004;201812;255.00;
002;001;ACC001;005;201901;207.00;
002;001;ACC001;005;201902;219.00;
002;001;ACC001;005;201903;237.00;
002;001;ACC001;005;201904;251.00;
002;001;ACC001;005;201905;275.00;
002;001;ACC001;005;201801;210.00;
002;001;ACC001;005;201802;213.00;
002;001;ACC001;005;201803;281.00;
002;001;ACC001;005;201804;297.00;
002;001;ACC001;005;201805;217.00;
002;001;ACC001;005;201806;277.00;
002;001;ACC001;005;201807;268.00;
002;001;ACC001;005;201808;234.00;
002;001;ACC001;005;201809;227.00;
002;001;ACC001;005;201810;218.00;
002;001;ACC001;005;201811;240.00;
002;001;ACC001;005;201812;287.00;
002;001;ACC001;006;201901;294.00;
002;001;ACC001;006;201902;274.00;
002;001;ACC001;006;201903;260.00;
002;001;ACC001;006;201904;240.00;
002;001;ACC001;006;201905;212.00;
002;001;ACC001;006;201801;204.00;
002;001;ACC001;006;201802;208.00;
002;001;ACC001;006;201803;290.00;
002;001;ACC001;006;201804;207.00;
002;001;ACC001;006;201805;206.00;
002;001;ACC001;006;201806;265.00;
002;001;ACC001;006;201807;223.00;
002;001;ACC001;006;201808;260.00;
002;001;ACC001;006;201809;268.00;
002;001;ACC001;006;201810;295.00;
002;001;ACC001;006;201811;259.00;
002;001;ACC001;006;201812;299.00;
002;002;ACC001;001;201901;250.00;
002;002;ACC001;001;201902;230.00;
002;002;ACC001;001;201903;226.00;
002;002;ACC001;001;201904;223.00;
002;002;ACC001;001;201905;208.00;
002;002;ACC001;001;201801;297.00;
002;002;ACC001;001;201802;265.00;
002;002;ACC001;001;201803;235.00;
002;002;ACC001;001;201804;204.00;
002;002;ACC001;001;201805;285.00;
002;002;ACC001;001;201806;262.00;
002;002;ACC001;001;201807;244.00;
002;002;ACC001;001;201808;229.00;
002;002;ACC001;001;201809;247.00;
002;002;ACC001;001;201810;284.00;
002;002;ACC001;001;201811;255.00;
002;002;ACC001;001;201812;231.00;
002;002;ACC001;002;201901;257.00;
002;002;ACC001;002;201902;230.00;
002;002;ACC001;002;201903;237.00;
002;002;ACC001;002;201904;214.00;
002;002;ACC001;002;201905;295.00;
002;002;ACC001;002;201801;215.00;
002;002;ACC001;002;201802;228.00;
002;002;ACC001;002;201803;260.00;
002;002;ACC001;002;201804;268.00;
002;002;ACC001;002;201805;204.00;
002;002;ACC001;002;201806;248.00;
002;002;ACC001;002;201807;258.00;
002;002;ACC001;002;201808;237.00;
002;002;ACC001;002;201809;248.00;
002;002;ACC001;002;201810;281.00;
002;002;ACC001;002;201811;209.00;
002;002;ACC001;002;201812;234.00;
002;002;ACC001;003;201901;276.00;
002;002;ACC001;003;201902;288.00;
002;002;ACC001;003;201903;213.00;
002;002;ACC001;003;201904;264.00;
002;002;ACC001;003;201905;285.00;
002;002;ACC001;003;201801;277.00;
002;002;ACC001;003;201802;294.00;
002;002;ACC001;003;201803;205.00;
002;002;ACC001;003;201804;207.00;
002;002;ACC001;003;201805;219.00;
002;002;ACC001;003;201806;245.00;
002;002;ACC001;003;201807;245.00;
002;002;ACC001;003;201808;277.00;
002;002;ACC001;003;201809;259.00;
002;002;ACC001;003;201810;280.00;
002;002;ACC001;003;201811;268.00;
002;002;ACC001;003;201812;228.00;
002;002;ACC001;004;201901;211.00;
002;002;ACC001;004;201902;265.00;
002;002;ACC001;004;201903;222.00;
002;002;ACC001;004;201904;285.00;
002;002;ACC001;004;201905;255.00;
002;002;ACC001;004;201801;214.00;
002;002;ACC001;004;201802;298.00;
002;002;ACC001;004;201803;262.00;
002;002;ACC001;004;201804;240.00;
002;002;ACC001;004;201805;292.00;
002;002;ACC001;004;201806;217.00;
002;002;ACC001;004;201807;277.00;
002;002;ACC001;004;201808;267.00;
002;002;ACC001;004;201809;236.00;
002;002;ACC001;004;201810;281.00;
002;002;ACC001;004;201811;235.00;
002;002;ACC001;004;201812;294.00;
002;002;ACC001;005;201901;270.00;
002;002;ACC001;005;201902;296.00;
002;002;ACC001;005;201903;241.00;
002;002;ACC001;005;201904;266.00;
002;002;ACC001;005;201905;272.00;
002;002;ACC001;005;201801;252.00;
002;002;ACC001;005;201802;242.00;
002;002;ACC001;005;201803;209.00;
002;002;ACC001;005;201804;288.00;
002;002;ACC001;005;201805;296.00;
002;002;ACC001;005;201806;283.00;
002;002;ACC001;005;201807;214.00;
002;002;ACC001;005;201808;291.00;
002;002;ACC001;005;201809;245.00;
002;002;ACC001;005;201810;267.00;
002;002;ACC001;005;201811;289.00;
002;002;ACC001;005;201812;208.00;
002;002;ACC001;006;201901;237.00;
002;002;ACC001;006;201902;216.00;
002;002;ACC001;006;201903;287.00;
002;002;ACC001;006;201904;249.00;
002;002;ACC001;006;201905;221.00;
002;002;ACC001;006;201801;273.00;
002;002;ACC001;006;201802;215.00;
002;002;ACC001;006;201803;201.00;
002;002;ACC001;006;201804;245.00;
002;002;ACC001;006;201805;284.00;
002;002;ACC001;006;201806;277.00;
002;002;ACC001;006;201807;227.00;
002;002;ACC001;006;201808;239.00;
002;002;ACC001;006;201809;282.00;
002;002;ACC001;006;201810;264.00;
002;002;ACC001;006;201811;210.00;
002;002;ACC001;006;201812;282.00;
003;001;ACC001;001;201901;288.00;
003;001;ACC001;001;201902;284.00;
003;001;ACC001;001;201903;226.00;
003;001;ACC001;001;201904;261.00;
003;001;ACC001;001;201905;238.00;
003;001;ACC001;001;201801;212.00;
003;001;ACC001;001;201802;279.00;
003;001;ACC001;001;201803;276.00;
003;001;ACC001;001;201804;266.00;
003;001;ACC001;001;201805;218.00;
003;001;ACC001;001;201806;214.00;
003;001;ACC001;001;201807;248.00;
003;001;ACC001;001;201808;249.00;
003;001;ACC001;001;201809;247.00;
003;001;ACC001;001;201810;249.00;
003;001;ACC001;001;201811;287.00;
003;001;ACC001;001;201812;259.00;
003;001;ACC001;002;201901;299.00;
003;001;ACC001;002;201902;264.00;
003;001;ACC001;002;201903;248.00;
003;001;ACC001;002;201904;245.00;
003;001;ACC001;002;201905;248.00;
003;001;ACC001;002;201801;222.00;
003;001;ACC001;002;201802;225.00;
003;001;ACC001;002;201803;264.00;
003;001;ACC001;002;201804;227.00;
003;001;ACC001;002;201805;268.00;
003;001;ACC001;002;201806;264.00;
003;001;ACC001;002;201807;281.00;
003;001;ACC001;002;201808;249.00;
003;001;ACC001;002;201809;213.00;
003;001;ACC001;002;201810;219.00;
003;001;ACC001;002;201811;203.00;
003;001;ACC001;002;201812;208.00;
003;001;ACC001;003;201901;256.00;
003;001;ACC001;003;201902;282.00;
003;001;ACC001;003;201903;263.00;
003;001;ACC001;003;201904;246.00;
003;001;ACC001;003;201905;298.00;
003;001;ACC001;003;201801;204.00;
003;001;ACC001;003;201802;207.00;
003;001;ACC001;003;201803;273.00;
003;001;ACC001;003;201804;255.00;
003;001;ACC001;003;201805;255.00;
003;001;ACC001;003;201806;201.00;
003;001;ACC001;003;201807;253.00;
003;001;ACC001;003;201808;296.00;
003;001;ACC001;003;201809;237.00;
003;001;ACC001;003;201810;228.00;
003;001;ACC001;003;201811;240.00;
003;001;ACC001;003;201812;279.00;
003;001;ACC001;004;201901;283.00;
003;001;ACC001;004;201902;299.00;
003;001;ACC001;004;201903;261.00;
003;001;ACC001;004;201904;237.00;
003;001;ACC001;004;201905;240.00;
003;001;ACC001;004;201801;262.00;
003;001;ACC001;004;201802;201.00;
003;001;ACC001;004;201803;297.00;
003;001;ACC001;004;201804;211.00;
003;001;ACC001;004;201805;244.00;
003;001;ACC001;004;201806;215.00;
003;001;ACC001;004;201807;295.00;
003;001;ACC001;004;201808;217.00;
003;001;ACC001;004;201809;204.00;
003;001;ACC001;004;201810;295.00;
003;001;ACC001;004;201811;244.00;
003;001;ACC001;004;201812;240.00;
003;001;ACC001;005;201901;291.00;
003;001;ACC001;005;201902;267.00;
003;001;ACC001;005;201903;224.00;
003;001;ACC001;005;201904;213.00;
003;001;ACC001;005;201905;200.00;
003;001;ACC001;005;201801;260.00;
003;001;ACC001;005;201802;241.00;
003;001;ACC001;005;201803;272.00;
003;001;ACC001;005;201804;293.00;
003;001;ACC001;005;201805;266.00;
003;001;ACC001;005;201806;224.00;
003;001;ACC001;005;201807;211.00;
003;001;ACC001;005;201808;230.00;
003;001;ACC001;005;201809;230.00;
003;001;ACC001;005;201810;236.00;
003;001;ACC001;005;201811;240.00;
003;001;ACC001;005;201812;269.00;
003;001;ACC001;006;201901;230.00;
003;001;ACC001;006;201902;220.00;
003;001;ACC001;006;201903;242.00;
003;001;ACC001;006;201904;271.00;
003;001;ACC001;006;201905;215.00;
003;001;ACC001;006;201801;220.00;
003;001;ACC001;006;201802;262.00;
003;001;ACC001;006;201803;249.00;
003;001;ACC001;006;201804;286.00;
003;001;ACC001;006;201805;260.00;
003;001;ACC001;006;201806;291.00;
003;001;ACC001;006;201807;277.00;
003;001;ACC001;006;201808;237.00;
003;001;ACC001;006;201809;251.00;
003;001;ACC001;006;201810;205.00;
003;001;ACC001;006;201811;208.00;
003;001;ACC001;006;201812;255.00;
003;002;ACC001;001;201901;246.00;
003;002;ACC001;001;201902;261.00;
003;002;ACC001;001;201903;216.00;
003;002;ACC001;001;201904;266.00;
003;002;ACC001;001;201905;282.00;
003;002;ACC001;001;201801;238.00;
003;002;ACC001;001;201802;220.00;
003;002;ACC001;001;201803;264.00;
003;002;ACC001;001;201804;246.00;
003;002;ACC001;001;201805;296.00;
003;002;ACC001;001;201806;276.00;
003;002;ACC001;001;201807;285.00;
003;002;ACC001;001;201808;280.00;
003;002;ACC001;001;201809;213.00;
003;002;ACC001;001;201810;279.00;
003;002;ACC001;001;201811;254.00;
003;002;ACC001;001;201812;248.00;
003;002;ACC001;002;201901;273.00;
003;002;ACC001;002;201902;275.00;
003;002;ACC001;002;201903;202.00;
003;002;ACC001;002;201904;269.00;
003;002;ACC001;002;201905;275.00;
003;002;ACC001;002;201801;247.00;
003;002;ACC001;002;201802;261.00;
003;002;ACC001;002;201803;263.00;
003;002;ACC001;002;201804;213.00;
003;002;ACC001;002;201805;200.00;
003;002;ACC001;002;201806;250.00;
003;002;ACC001;002;201807;294.00;
003;002;ACC001;002;201808;255.00;
003;002;ACC001;002;201809;214.00;
003;002;ACC001;002;201810;218.00;
003;002;ACC001;002;201811;202.00;
003;002;ACC001;002;201812;275.00;
003;002;ACC001;003;201901;284.00;
003;002;ACC001;003;201902;275.00;
003;002;ACC001;003;201903;224.00;
003;002;ACC001;003;201904;202.00;
003;002;ACC001;003;201905;247.00;
003;002;ACC001;003;201801;281.00;
003;002;ACC001;003;201802;222.00;
003;002;ACC001;003;201803;206.00;
003;002;ACC001;003;201804;269.00;
003;002;ACC001;003;201805;223.00;
003;002;ACC001;003;201806;285.00;
003;002;ACC001;003;201807;263.00;
003;002;ACC001;003;201808;205.00;
003;002;ACC001;003;201809;246.00;
003;002;ACC001;003;201810;211.00;
003;002;ACC001;003;201811;223.00;
003;002;ACC001;003;201812;289.00;
003;002;ACC001;004;201901;277.00;
003;002;ACC001;004;201902;230.00;
003;002;ACC001;004;201903;205.00;
003;002;ACC001;004;201904;286.00;
003;002;ACC001;004;201905;270.00;
003;002;ACC001;004;201801;214.00;
003;002;ACC001;004;201802;254.00;
003;002;ACC001;004;201803;202.00;
003;002;ACC001;004;201804;269.00;
003;002;ACC001;004;201805;237.00;
003;002;ACC001;004;201806;269.00;
003;002;ACC001;004;201807;270.00;
003;002;ACC001;004;201808;290.00;
003;002;ACC001;004;201809;281.00;
003;002;ACC001;004;201810;258.00;
003;002;ACC001;004;201811;283.00;
003;002;ACC001;004;201812;205.00;
003;002;ACC001;005;201901;229.00;
003;002;ACC001;005;201902;204.00;
003;002;ACC001;005;201903;230.00;
003;002;ACC001;005;201904;245.00;
003;002;ACC001;005;201905;226.00;
003;002;ACC001;005;201801;293.00;
003;002;ACC001;005;201802;280.00;
003;002;ACC001;005;201803;262.00;
003;002;ACC001;005;201804;206.00;
003;002;ACC001;005;201805;223.00;
003;002;ACC001;005;201806;276.00;
003;002;ACC001;005;201807;200.00;
003;002;ACC001;005;201808;208.00;
003;002;ACC001;005;201809;254.00;
003;002;ACC001;005;201810;238.00;
003;002;ACC001;005;201811;271.00;
003;002;ACC001;005;201812;266.00;
003;002;ACC001;006;201901;236.00;
003;002;ACC001;006;201902;287.00;
003;002;ACC001;006;201903;296.00;
003;002;ACC001;006;201904;288.00;
003;002;ACC001;006;201905;213.00;
003;002;ACC001;006;201801;261.00;
003;002;ACC001;006;201802;269.00;
003;002;ACC001;006;201803;200.00;
003;002;ACC001;006;201804;278.00;
003;002;ACC001;006;201805;243.00;
003;002;ACC001;006;201806;252.00;
003;002;ACC001;006;201807;236.00;
003;002;ACC001;006;201808;278.00;
003;002;ACC001;006;201809;242.00;
003;002;ACC001;006;201810;227.00;
003;002;ACC001;006;201811;280.00;
003;002;ACC001;006;201812;200.00;
004;001;ACC001;001;201901;217.00;
004;001;ACC001;001;201902;207.00;
004;001;ACC001;001;201903;293.00;
004;001;ACC001;001;201904;243.00;
004;001;ACC001;001;201905;251.00;
004;001;ACC001;001;201801;236.00;
004;001;ACC001;001;201802;225.00;
004;001;ACC001;001;201803;224.00;
004;001;ACC001;001;201804;264.00;
004;001;ACC001;001;201805;290.00;
004;001;ACC001;001;201806;278.00;
004;001;ACC001;001;201807;202.00;
004;001;ACC001;001;201808;261.00;
004;001;ACC001;001;201809;283.00;
004;001;ACC001;001;201810;231.00;
004;001;ACC001;001;201811;299.00;
004;001;ACC001;001;201812;224.00;
004;001;ACC001;002;201901;244.00;
004;001;ACC001;002;201902;270.00;
004;001;ACC001;002;201903;286.00;
004;001;ACC001;002;201904;216.00;
004;001;ACC001;002;201905;215.00;
004;001;ACC001;002;201801;243.00;
004;001;ACC001;002;201802;260.00;
004;001;ACC001;002;201803;245.00;
004;001;ACC001;002;201804;247.00;
004;001;ACC001;002;201805;249.00;
004;001;ACC001;002;201806;228.00;
004;001;ACC001;002;201807;225.00;
004;001;ACC001;002;201808;228.00;
004;001;ACC001;002;201809;280.00;
004;001;ACC001;002;201810;248.00;
004;001;ACC001;002;201811;220.00;
004;001;ACC001;002;201812;207.00;
004;001;ACC001;003;201901;237.00;
004;001;ACC001;003;201902;230.00;
004;001;ACC001;003;201903;277.00;
004;001;ACC001;003;201904;223.00;
004;001;ACC001;003;201905;285.00;
004;001;ACC001;003;201801;250.00;
004;001;ACC001;003;201802;271.00;
004;001;ACC001;003;201803;264.00;
004;001;ACC001;003;201804;248.00;
004;001;ACC001;003;201805;270.00;
004;001;ACC001;003;201806;290.00;
004;001;ACC001;003;201807;298.00;
004;001;ACC001;003;201808;217.00;
004;001;ACC001;003;201809;260.00;
004;001;ACC001;003;201810;220.00;
004;001;ACC001;003;201811;237.00;
004;001;ACC001;003;201812;253.00;
004;001;ACC001;004;201901;298.00;
004;001;ACC001;004;201902;256.00;
004;001;ACC001;004;201903;294.00;
004;001;ACC001;004;201904;283.00;
004;001;ACC001;004;201905;201.00;
004;001;ACC001;004;201801;264.00;
004;001;ACC001;004;201802;232.00;
004;001;ACC001;004;201803;298.00;
004;001;ACC001;004;201804;203.00;
004;001;ACC001;004;201805;287.00;
004;001;ACC001;004;201806;296.00;
004;001;ACC001;004;201807;298.00;
004;001;ACC001;004;201808;236.00;
004;001;ACC001;004;201809;210.00;
004;001;ACC001;004;201810;229.00;
004;001;ACC001;004;201811;281.00;
004;001;ACC001;004;201812;253.00;
004;001;ACC001;005;201901;246.00;
004;001;ACC001;005;201902;201.00;
004;001;ACC001;005;201903;221.00;
004;001;ACC001;005;201904;200.00;
004;001;ACC001;005;201905;258.00;
004;001;ACC001;005;201801;219.00;
004;001;ACC001;005;201802;214.00;
004;001;ACC001;005;201803;252.00;
004;001;ACC001;005;201804;267.00;
004;001;ACC001;005;201805;273.00;
004;001;ACC001;005;201806;269.00;
004;001;ACC001;005;201807;246.00;
004;001;ACC001;005;201808;230.00;
004;001;ACC001;005;201809;289.00;
004;001;ACC001;005;201810;208.00;
004;001;ACC001;005;201811;288.00;
004;001;ACC001;005;201812;274.00;
004;001;ACC001;006;201901;282.00;
004;001;ACC001;006;201902;292.00;
004;001;ACC001;006;201903;226.00;
004;001;ACC001;006;201904;224.00;
004;001;ACC001;006;201905;235.00;
004;001;ACC001;006;201801;266.00;
004;001;ACC001;006;201802;244.00;
004;001;ACC001;006;201803;224.00;
004;001;ACC001;006;201804;281.00;
004;001;ACC001;006;201805;263.00;
004;001;ACC001;006;201806;274.00;
004;001;ACC001;006;201807;265.00;
004;001;ACC001;006;201808;212.00;
004;001;ACC001;006;201809;259.00;
004;001;ACC001;006;201810;261.00;
004;001;ACC001;006;201811;216.00;
004;001;ACC001;006;201812;263.00;
004;002;ACC001;001;201901;214.00;
004;002;ACC001;001;201902;219.00;
004;002;ACC001;001;201903;216.00;
004;002;ACC001;001;201904;253.00;
004;002;ACC001;001;201905;239.00;
004;002;ACC001;001;201801;236.00;
004;002;ACC001;001;201802;279.00;
004;002;ACC001;001;201803;230.00;
004;002;ACC001;001;201804;234.00;
004;002;ACC001;001;201805;291.00;
004;002;ACC001;001;201806;263.00;
004;002;ACC001;001;201807;251.00;
004;002;ACC001;001;201808;272.00;
004;002;ACC001;001;201809;297.00;
004;002;ACC001;001;201810;288.00;
004;002;ACC001;001;201811;210.00;
004;002;ACC001;001;201812;262.00;
004;002;ACC001;002;201901;228.00;
004;002;ACC001;002;201902;237.00;
004;002;ACC001;002;201903;255.00;
004;002;ACC001;002;201904;229.00;
004;002;ACC001;002;201905;210.00;
004;002;ACC001;002;201801;235.00;
004;002;ACC001;002;201802;276.00;
004;002;ACC001;002;201803;276.00;
004;002;ACC001;002;201804;277.00;
004;002;ACC001;002;201805;256.00;
004;002;ACC001;002;201806;240.00;
004;002;ACC001;002;201807;287.00;
004;002;ACC001;002;201808;255.00;
004;002;ACC001;002;201809;213.00;
004;002;ACC001;002;201810;208.00;
004;002;ACC001;002;201811;230.00;
004;002;ACC001;002;201812;266.00;
004;002;ACC001;003;201901;275.00;
004;002;ACC001;003;201902;288.00;
004;002;ACC001;003;201903;271.00;
004;002;ACC001;003;201904;221.00;
004;002;ACC001;003;201905;242.00;
004;002;ACC001;003;201801;255.00;
004;002;ACC001;003;201802;247.00;
004;002;ACC001;003;201803;293.00;
004;002;ACC001;003;201804;201.00;
004;002;ACC001;003;201805;274.00;
004;002;ACC001;003;201806;281.00;
004;002;ACC001;003;201807;273.00;
004;002;ACC001;003;201808;208.00;
004;002;ACC001;003;201809;265.00;
004;002;ACC001;003;201810;285.00;
004;002;ACC001;003;201811;254.00;
004;002;ACC001;003;201812;249.00;
004;002;ACC001;004;201901;231.00;
004;002;ACC001;004;201902;223.00;
004;002;ACC001;004;201903;260.00;
004;002;ACC001;004;201904;234.00;
004;002;ACC001;004;201905;203.00;
004;002;ACC001;004;201801;284.00;
004;002;ACC001;004;201802;240.00;
004;002;ACC001;004;201803;277.00;
004;002;ACC001;004;201804;262.00;
004;002;ACC001;004;201805;280.00;
004;002;ACC001;004;201806;238.00;
004;002;ACC001;004;201807;243.00;
004;002;ACC001;004;201808;278.00;
004;002;ACC001;004;201809;277.00;
004;002;ACC001;004;201810;254.00;
004;002;ACC001;004;201811;220.00;
004;002;ACC001;004;201812;206.00;
004;002;ACC001;005;201901;222.00;
004;002;ACC001;005;201902;200.00;
004;002;ACC001;005;201903;238.00;
004;002;ACC001;005;201904;241.00;
004;002;ACC001;005;201905;285.00;
004;002;ACC001;005;201801;281.00;
004;002;ACC001;005;201802;208.00;
004;002;ACC001;005;201803;235.00;
004;002;ACC001;005;201804;209.00;
004;002;ACC001;005;201805;260.00;
004;002;ACC001;005;201806;294.00;
004;002;ACC001;005;201807;202.00;
004;002;ACC001;005;201808;268.00;
004;002;ACC001;005;201809;290.00;
004;002;ACC001;005;201810;254.00;
004;002;ACC001;005;201811;232.00;
004;002;ACC001;005;201812;205.00;
004;002;ACC001;006;201901;282.00;
004;002;ACC001;006;201902;284.00;
004;002;ACC001;006;201903;270.00;
004;002;ACC001;006;201904;231.00;
004;002;ACC001;006;201905;272.00;
004;002;ACC001;006;201801;204.00;
004;002;ACC001;006;201802;231.00;
004;002;ACC001;006;201803;244.00;
004;002;ACC001;006;201804;280.00;
004;002;ACC001;006;201805;275.00;
004;002;ACC001;006;201806;208.00;
004;002;ACC001;006;201807;249.00;
004;002;ACC001;006;201808;222.00;
004;002;ACC001;006;201809;296.00;
004;002;ACC001;006;201810;226.00;
004;002;ACC001;006;201811;252.00;
004;002;ACC001;006;201812;202.00;
005;001;ACC001;001;201901;243.00;
005;001;ACC001;001;201902;285.00;
005;001;ACC001;001;201903;215.00;
005;001;ACC001;001;201904;208.00;
005;001;ACC001;001;201905;245.00;
005;001;ACC001;001;201801;241.00;
005;001;ACC001;001;201802;251.00;
005;001;ACC001;001;201803;298.00;
005;001;ACC001;001;201804;293.00;
005;001;ACC001;001;201805;223.00;
005;001;ACC001;001;201806;245.00;
005;001;ACC001;001;201807;274.00;
005;001;ACC001;001;201808;294.00;
005;001;ACC001;001;201809;290.00;
005;001;ACC001;001;201810;284.00;
005;001;ACC001;001;201811;211.00;
005;001;ACC001;001;201812;273.00;
005;001;ACC001;002;201901;295.00;
005;001;ACC001;002;201902;270.00;
005;001;ACC001;002;201903;250.00;
005;001;ACC001;002;201904;274.00;
005;001;ACC001;002;201905;250.00;
005;001;ACC001;002;201801;295.00;
005;001;ACC001;002;201802;207.00;
005;001;ACC001;002;201803;297.00;
005;001;ACC001;002;201804;205.00;
005;001;ACC001;002;201805;206.00;
005;001;ACC001;002;201806;200.00;
005;001;ACC001;002;201807;286.00;
005;001;ACC001;002;201808;286.00;
005;001;ACC001;002;201809;263.00;
005;001;ACC001;002;201810;268.00;
005;001;ACC001;002;201811;250.00;
005;001;ACC001;002;201812;265.00;
005;001;ACC001;003;201901;246.00;
005;001;ACC001;003;201902;269.00;
005;001;ACC001;003;201903;216.00;
005;001;ACC001;003;201904;297.00;
005;001;ACC001;003;201905;236.00;
005;001;ACC001;003;201801;243.00;
005;001;ACC001;003;201802;218.00;
005;001;ACC001;003;201803;233.00;
005;001;ACC001;003;201804;278.00;
005;001;ACC001;003;201805;281.00;
005;001;ACC001;003;201806;286.00;
005;001;ACC001;003;201807;269.00;
005;001;ACC001;003;201808;286.00;
005;001;ACC001;003;201809;285.00;
005;001;ACC001;003;201810;224.00;
005;001;ACC001;003;201811;238.00;
005;001;ACC001;003;201812;249.00;
005;001;ACC001;004;201901;201.00;
005;001;ACC001;004;201902;256.00;
005;001;ACC001;004;201903;201.00;
005;001;ACC001;004;201904;228.00;
005;001;ACC001;004;201905;292.00;
005;001;ACC001;004;201801;290.00;
005;001;ACC001;004;201802;208.00;
005;001;ACC001;004;201803;211.00;
005;001;ACC001;004;201804;240.00;
005;001;ACC001;004;201805;235.00;
005;001;ACC001;004;201806;251.00;
005;001;ACC001;004;201807;212.00;
005;001;ACC001;004;201808;207.00;
005;001;ACC001;004;201809;259.00;
005;001;ACC001;004;201810;277.00;
005;001;ACC001;004;201811;223.00;
005;001;ACC001;004;201812;228.00;
005;001;ACC001;005;201901;243.00;
005;001;ACC001;005;201902;214.00;
005;001;ACC001;005;201903;295.00;
005;001;ACC001;005;201904;275.00;
005;001;ACC001;005;201905;259.00;
005;001;ACC001;005;201801;226.00;
005;001;ACC001;005;201802;232.00;
005;001;ACC001;005;201803;241.00;
005;001;ACC001;005;201804;272.00;
005;001;ACC001;005;201805;214.00;
005;001;ACC001;005;201806;221.00;
005;001;ACC001;005;201807;227.00;
005;001;ACC001;005;201808;219.00;
005;001;ACC001;005;201809;221.00;
005;001;ACC001;005;201810;276.00;
005;001;ACC001;005;201811;248.00;
005;001;ACC001;005;201812;237.00;
005;001;ACC001;006;201901;262.00;
005;001;ACC001;006;201902;211.00;
005;001;ACC001;006;201903;248.00;
005;001;ACC001;006;201904;237.00;
005;001;ACC001;006;201905;253.00;
005;001;ACC001;006;201801;278.00;
005;001;ACC001;006;201802;208.00;
005;001;ACC001;006;201803;286.00;
005;001;ACC001;006;201804;296.00;
005;001;ACC001;006;201805;207.00;
005;001;ACC001;006;201806;266.00;
005;001;ACC001;006;201807;221.00;
005;001;ACC001;006;201808;270.00;
005;001;ACC001;006;201809;221.00;
005;001;ACC001;006;201810;208.00;
005;001;ACC001;006;201811;246.00;
005;001;ACC001;006;201812;257.00;
005;002;ACC001;001;201901;241.00;
005;002;ACC001;001;201902;209.00;
005;002;ACC001;001;201903;242.00;
005;002;ACC001;001;201904;273.00;
005;002;ACC001;001;201905;241.00;
005;002;ACC001;001;201801;229.00;
005;002;ACC001;001;201802;269.00;
005;002;ACC001;001;201803;287.00;
005;002;ACC001;001;201804;220.00;
005;002;ACC001;001;201805;276.00;
005;002;ACC001;001;201806;287.00;
005;002;ACC001;001;201807;283.00;
005;002;ACC001;001;201808;221.00;
005;002;ACC001;001;201809;214.00;
005;002;ACC001;001;201810;275.00;
005;002;ACC001;001;201811;263.00;
005;002;ACC001;001;201812;269.00;
005;002;ACC001;002;201901;297.00;
005;002;ACC001;002;201902;265.00;
005;002;ACC001;002;201903;274.00;
005;002;ACC001;002;201904;290.00;
005;002;ACC001;002;201905;289.00;
005;002;ACC001;002;201801;236.00;
005;002;ACC001;002;201802;286.00;
005;002;ACC001;002;201803;289.00;
005;002;ACC001;002;201804;262.00;
005;002;ACC001;002;201805;219.00;
005;002;ACC001;002;201806;266.00;
005;002;ACC001;002;201807;220.00;
005;002;ACC001;002;201808;201.00;
005;002;ACC001;002;201809;292.00;
005;002;ACC001;002;201810;212.00;
005;002;ACC001;002;201811;280.00;
005;002;ACC001;002;201812;261.00;
005;002;ACC001;003;201901;279.00;
005;002;ACC001;003;201902;267.00;
005;002;ACC001;003;201903;205.00;
005;002;ACC001;003;201904;263.00;
005;002;ACC001;003;201905;220.00;
005;002;ACC001;003;201801;281.00;
005;002;ACC001;003;201802;279.00;
005;002;ACC001;003;201803;250.00;
005;002;ACC001;003;201804;233.00;
005;002;ACC001;003;201805;202.00;
005;002;ACC001;003;201806;221.00;
005;002;ACC001;003;201807;202.00;
005;002;ACC001;003;201808;274.00;
005;002;ACC001;003;201809;293.00;
005;002;ACC001;003;201810;291.00;
005;002;ACC001;003;201811;257.00;
005;002;ACC001;003;201812;201.00;
005;002;ACC001;004;201901;224.00;
005;002;ACC001;004;201902;243.00;
005;002;ACC001;004;201903;271.00;
005;002;ACC001;004;201904;266.00;
005;002;ACC001;004;201905;251.00;
005;002;ACC001;004;201801;273.00;
005;002;ACC001;004;201802;256.00;
005;002;ACC001;004;201803;283.00;
005;002;ACC001;004;201804;279.00;
005;002;ACC001;004;201805;210.00;
005;002;ACC001;004;201806;202.00;
005;002;ACC001;004;201807;266.00;
005;002;ACC001;004;201808;219.00;
005;002;ACC001;004;201809;283.00;
005;002;ACC001;004;201810;274.00;
005;002;ACC001;004;201811;202.00;
005;002;ACC001;004;201812;260.00;
005;002;ACC001;005;201901;234.00;
005;002;ACC001;005;201902;207.00;
005;002;ACC001;005;201903;258.00;
005;002;ACC001;005;201904;206.00;
005;002;ACC001;005;201905;276.00;
005;002;ACC001;005;201801;283.00;
005;002;ACC001;005;201802;294.00;
005;002;ACC001;005;201803;240.00;
005;002;ACC001;005;201804;256.00;
005;002;ACC001;005;201805;233.00;
005;002;ACC001;005;201806;265.00;
005;002;ACC001;005;201807;287.00;
005;002;ACC001;005;201808;287.00;
005;002;ACC001;005;201809;225.00;
005;002;ACC001;005;201810;274.00;
005;002;ACC001;005;201811;262.00;
005;002;ACC001;005;201812;200.00;
005;002;ACC001;006;201901;268.00;
005;002;ACC001;006;201902;269.00;
005;002;ACC001;006;201903;208.00;
005;002;ACC001;006;201904;294.00;
005;002;ACC001;006;201905;228.00;
005;002;ACC001;006;201801;294.00;
005;002;ACC001;006;201802;249.00;
005;002;ACC001;006;201803;279.00;
005;002;ACC001;006;201804;241.00;
005;002;ACC001;006;201805;271.00;
005;002;ACC001;006;201806;276.00;
005;002;ACC001;006;201807;283.00;
005;002;ACC001;006;201808;213.00;
005;002;ACC001;006;201809;219.00;
005;002;ACC001;006;201810;246.00;
005;002;ACC001;006;201811;299.00;
005;002;ACC001;006;201812;214.00;
007;001;ACC001;001;201901;258.00;
007;001;ACC001;001;201902;283.00;
007;001;ACC001;001;201903;298.00;
007;001;ACC001;001;201904;294.00;
007;001;ACC001;001;201905;247.00;
007;001;ACC001;001;201801;259.00;
007;001;ACC001;001;201802;277.00;
007;001;ACC001;001;201803;226.00;
007;001;ACC001;001;201804;294.00;
007;001;ACC001;001;201805;239.00;
007;001;ACC001;001;201806;290.00;
007;001;ACC001;001;201807;296.00;
007;001;ACC001;001;201808;291.00;
007;001;ACC001;001;201809;284.00;
007;001;ACC001;001;201810;228.00;
007;001;ACC001;001;201811;204.00;
007;001;ACC001;001;201812;218.00;
007;001;ACC001;002;201901;214.00;
007;001;ACC001;002;201902;204.00;
007;001;ACC001;002;201903;293.00;
007;001;ACC001;002;201904;265.00;
007;001;ACC001;002;201905;206.00;
007;001;ACC001;002;201801;213.00;
007;001;ACC001;002;201802;208.00;
007;001;ACC001;002;201803;226.00;
007;001;ACC001;002;201804;234.00;
007;001;ACC001;002;201805;212.00;
007;001;ACC001;002;201806;217.00;
007;001;ACC001;002;201807;256.00;
007;001;ACC001;002;201808;243.00;
007;001;ACC001;002;201809;213.00;
007;001;ACC001;002;201810;219.00;
007;001;ACC001;002;201811;287.00;
007;001;ACC001;002;201812;273.00;
007;001;ACC001;003;201901;266.00;
007;001;ACC001;003;201902;291.00;
007;001;ACC001;003;201903;263.00;
007;001;ACC001;003;201904;205.00;
007;001;ACC001;003;201905;220.00;
007;001;ACC001;003;201801;210.00;
007;001;ACC001;003;201802;231.00;
007;001;ACC001;003;201803;267.00;
007;001;ACC001;003;201804;233.00;
007;001;ACC001;003;201805;254.00;
007;001;ACC001;003;201806;259.00;
007;001;ACC001;003;201807;283.00;
007;001;ACC001;003;201808;250.00;
007;001;ACC001;003;201809;286.00;
007;001;ACC001;003;201810;248.00;
007;001;ACC001;003;201811;279.00;
007;001;ACC001;003;201812;294.00;
007;001;ACC001;004;201901;205.00;
007;001;ACC001;004;201902;241.00;
007;001;ACC001;004;201903;205.00;
007;001;ACC001;004;201904;249.00;
007;001;ACC001;004;201905;252.00;
007;001;ACC001;004;201801;269.00;
007;001;ACC001;004;201802;290.00;
007;001;ACC001;004;201803;268.00;
007;001;ACC001;004;201804;213.00;
007;001;ACC001;004;201805;247.00;
007;001;ACC001;004;201806;259.00;
007;001;ACC001;004;201807;269.00;
007;001;ACC001;004;201808;251.00;
007;001;ACC001;004;201809;226.00;
007;001;ACC001;004;201810;270.00;
007;001;ACC001;004;201811;209.00;
007;001;ACC001;004;201812;217.00;
007;001;ACC001;005;201901;217.00;
007;001;ACC001;005;201902;236.00;
007;001;ACC001;005;201903;240.00;
007;001;ACC001;005;201904;213.00;
007;001;ACC001;005;201905;293.00;
007;001;ACC001;005;201801;294.00;
007;001;ACC001;005;201802;262.00;
007;001;ACC001;005;201803;297.00;
007;001;ACC001;005;201804;273.00;
007;001;ACC001;005;201805;259.00;
007;001;ACC001;005;201806;249.00;
007;001;ACC001;005;201807;242.00;
007;001;ACC001;005;201808;283.00;
007;001;ACC001;005;201809;225.00;
007;001;ACC001;005;201810;268.00;
007;001;ACC001;005;201811;277.00;
007;001;ACC001;005;201812;248.00;
007;001;ACC001;006;201901;208.00;
007;001;ACC001;006;201902;277.00;
007;001;ACC001;006;201903;281.00;
007;001;ACC001;006;201904;223.00;
007;001;ACC001;006;201905;214.00;
007;001;ACC001;006;201801;221.00;
007;001;ACC001;006;201802;273.00;
007;001;ACC001;006;201803;236.00;
007;001;ACC001;006;201804;207.00;
007;001;ACC001;006;201805;262.00;
007;001;ACC001;006;201806;271.00;
007;001;ACC001;006;201807;298.00;
007;001;ACC001;006;201808;281.00;
007;001;ACC001;006;201809;227.00;
007;001;ACC001;006;201810;288.00;
007;001;ACC001;006;201811;274.00;
007;001;ACC001;006;201812;232.00;
007;002;ACC001;001;201901;268.00;
007;002;ACC001;001;201902;211.00;
007;002;ACC001;001;201903;239.00;
007;002;ACC001;001;201904;281.00;
007;002;ACC001;001;201905;211.00;
007;002;ACC001;001;201801;246.00;
007;002;ACC001;001;201802;243.00;
007;002;ACC001;001;201803;251.00;
007;002;ACC001;001;201804;279.00;
007;002;ACC001;001;201805;210.00;
007;002;ACC001;001;201806;240.00;
007;002;ACC001;001;201807;225.00;
007;002;ACC001;001;201808;229.00;
007;002;ACC001;001;201809;221.00;
007;002;ACC001;001;201810;291.00;
007;002;ACC001;001;201811;291.00;
007;002;ACC001;001;201812;203.00;
007;002;ACC001;002;201901;218.00;
007;002;ACC001;002;201902;293.00;
007;002;ACC001;002;201903;227.00;
007;002;ACC001;002;201904;294.00;
007;002;ACC001;002;201905;203.00;
007;002;ACC001;002;201801;215.00;
007;002;ACC001;002;201802;266.00;
007;002;ACC001;002;201803;276.00;
007;002;ACC001;002;201804;286.00;
007;002;ACC001;002;201805;231.00;
007;002;ACC001;002;201806;290.00;
007;002;ACC001;002;201807;299.00;
007;002;ACC001;002;201808;291.00;
007;002;ACC001;002;201809;231.00;
007;002;ACC001;002;201810;260.00;
007;002;ACC001;002;201811;268.00;
007;002;ACC001;002;201812;251.00;
007;002;ACC001;003;201901;256.00;
007;002;ACC001;003;201902;257.00;
007;002;ACC001;003;201903;238.00;
007;002;ACC001;003;201904;266.00;
007;002;ACC001;003;201905;297.00;
007;002;ACC001;003;201801;230.00;
007;002;ACC001;003;201802;238.00;
007;002;ACC001;003;201803;272.00;
007;002;ACC001;003;201804;234.00;
007;002;ACC001;003;201805;211.00;
007;002;ACC001;003;201806;232.00;
007;002;ACC001;003;201807;211.00;
007;002;ACC001;003;201808;278.00;
007;002;ACC001;003;201809;241.00;
007;002;ACC001;003;201810;280.00;
007;002;ACC001;003;201811;206.00;
007;002;ACC001;003;201812;278.00;
007;002;ACC001;004;201901;209.00;
007;002;ACC001;004;201902;295.00;
007;002;ACC001;004;201903;246.00;
007;002;ACC001;004;201904;238.00;
007;002;ACC001;004;201905;265.00;
007;002;ACC001;004;201801;296.00;
007;002;ACC001;004;201802;272.00;
007;002;ACC001;004;201803;204.00;
007;002;ACC001;004;201804;224.00;
007;002;ACC001;004;201805;215.00;
007;002;ACC001;004;201806;252.00;
007;002;ACC001;004;201807;252.00;
007;002;ACC001;004;201808;287.00;
007;002;ACC001;004;201809;278.00;
007;002;ACC001;004;201810;279.00;
007;002;ACC001;004;201811;256.00;
007;002;ACC001;004;201812;277.00;
007;002;ACC001;005;201901;265.00;
007;002;ACC001;005;201902;233.00;
007;002;ACC001;005;201903;253.00;
007;002;ACC001;005;201904;236.00;
007;002;ACC001;005;201905;221.00;
007;002;ACC001;005;201801;262.00;
007;002;ACC001;005;201802;289.00;
007;002;ACC001;005;201803;221.00;
007;002;ACC001;005;201804;268.00;
007;002;ACC001;005;201805;203.00;
007;002;ACC001;005;201806;233.00;
007;002;ACC001;005;201807;265.00;
007;002;ACC001;005;201808;208.00;
007;002;ACC001;005;201809;290.00;
007;002;ACC001;005;201810;210.00;
007;002;ACC001;005;201811;292.00;
007;002;ACC001;005;201812;213.00;
007;002;ACC001;006;201901;222.00;
007;002;ACC001;006;201902;265.00;
007;002;ACC001;006;201903;222.00;
007;002;ACC001;006;201904;212.00;
007;002;ACC001;006;201905;291.00;
007;002;ACC001;006;201801;260.00;
007;002;ACC001;006;201802;266.00;
007;002;ACC001;006;201803;262.00;
007;002;ACC001;006;201804;272.00;
007;002;ACC001;006;201805;215.00;
007;002;ACC001;006;201806;286.00;
007;002;ACC001;006;201807;219.00;
007;002;ACC001;006;201808;247.00;
007;002;ACC001;006;201809;232.00;
007;002;ACC001;006;201810;253.00;
007;002;ACC001;006;201811;254.00;
007;002;ACC001;006;201812;200.00;
001;001;ACC002;001;201901;106685.00;
001;001;ACC002;001;201902;111929.00;
001;001;ACC002;001;201903;113541.00;
001;001;ACC002;001;201904;121747.00;
001;001;ACC002;001;201905;101514.00;
001;001;ACC002;001;201801;107338.00;
001;001;ACC002;001;201802;106333.00;
001;001;ACC002;001;201803;120013.00;
001;001;ACC002;001;201804;112583.00;
001;001;ACC002;001;201805;129544.00;
001;001;ACC002;001;201806;104007.00;
001;001;ACC002;001;201807;113694.00;
001;001;ACC002;001;201808;128062.00;
001;001;ACC002;001;201809;128549.00;
001;001;ACC002;001;201810;108142.00;
001;001;ACC002;001;201811;116811.00;
001;001;ACC002;001;201812;124429.00;
001;001;ACC002;002;201901;109048.00;
001;001;ACC002;002;201902;118212.00;
001;001;ACC002;002;201903;104283.00;
001;001;ACC002;002;201904;111745.00;
001;001;ACC002;002;201905;111882.00;
001;001;ACC002;002;201801;101654.00;
001;001;ACC002;002;201802;117606.00;
001;001;ACC002;002;201803;117518.00;
001;001;ACC002;002;201804;119951.00;
001;001;ACC002;002;201805;126662.00;
001;001;ACC002;002;201806;122555.00;
001;001;ACC002;002;201807;109562.00;
001;001;ACC002;002;201808;104188.00;
001;001;ACC002;002;201809;115752.00;
001;001;ACC002;002;201810;101814.00;
001;001;ACC002;002;201811;122082.00;
001;001;ACC002;002;201812;111621.00;
001;001;ACC002;003;201901;121025.00;
001;001;ACC002;003;201902;122693.00;
001;001;ACC002;003;201903;109028.00;
001;001;ACC002;003;201904;116605.00;
001;001;ACC002;003;201905;104933.00;
001;001;ACC002;003;201801;123005.00;
001;001;ACC002;003;201802;103382.00;
001;001;ACC002;003;201803;113505.00;
001;001;ACC002;003;201804;113406.00;
001;001;ACC002;003;201805;114653.00;
001;001;ACC002;003;201806;103993.00;
001;001;ACC002;003;201807;100970.00;
001;001;ACC002;003;201808;122653.00;
001;001;ACC002;003;201809;124695.00;
001;001;ACC002;003;201810;103682.00;
001;001;ACC002;003;201811;103841.00;
001;001;ACC002;003;201812;102801.00;
001;001;ACC002;004;201901;103276.00;
001;001;ACC002;004;201902;126756.00;
001;001;ACC002;004;201903;102628.00;
001;001;ACC002;004;201904;111764.00;
001;001;ACC002;004;201905;124803.00;
001;001;ACC002;004;201801;110274.00;
001;001;ACC002;004;201802;125935.00;
001;001;ACC002;004;201803;104229.00;
001;001;ACC002;004;201804;111563.00;
001;001;ACC002;004;201805;110675.00;
001;001;ACC002;004;201806;113777.00;
001;001;ACC002;004;201807;110450.00;
001;001;ACC002;004;201808;108395.00;
001;001;ACC002;004;201809;113792.00;
001;001;ACC002;004;201810;102193.00;
001;001;ACC002;004;201811;121611.00;
001;001;ACC002;004;201812;116440.00;
001;001;ACC002;005;201901;107523.00;
001;001;ACC002;005;201902;115448.00;
001;001;ACC002;005;201903;107783.00;
001;001;ACC002;005;201904;107824.00;
001;001;ACC002;005;201905;104115.00;
001;001;ACC002;005;201801;125207.00;
001;001;ACC002;005;201802;100900.00;
001;001;ACC002;005;201803;128240.00;
001;001;ACC002;005;201804;128475.00;
001;001;ACC002;005;201805;117001.00;
001;001;ACC002;005;201806;113612.00;
001;001;ACC002;005;201807;116548.00;
001;001;ACC002;005;201808;127298.00;
001;001;ACC002;005;201809;101967.00;
001;001;ACC002;005;201810;118873.00;
001;001;ACC002;005;201811;105721.00;
001;001;ACC002;005;201812;101386.00;
001;001;ACC002;006;201901;112476.00;
001;001;ACC002;006;201902;105057.00;
001;001;ACC002;006;201903;119454.00;
001;001;ACC002;006;201904;129857.00;
001;001;ACC002;006;201905;126222.00;
001;001;ACC002;006;201801;112418.00;
001;001;ACC002;006;201802;113093.00;
001;001;ACC002;006;201803;112376.00;
001;001;ACC002;006;201804;123369.00;
001;001;ACC002;006;201805;112329.00;
001;001;ACC002;006;201806;119605.00;
001;001;ACC002;006;201807;103055.00;
001;001;ACC002;006;201808;105011.00;
001;001;ACC002;006;201809;100861.00;
001;001;ACC002;006;201810;101799.00;
001;001;ACC002;006;201811;109358.00;
001;001;ACC002;006;201812;106212.00;
001;002;ACC002;001;201901;117171.00;
001;002;ACC002;001;201902;118233.00;
001;002;ACC002;001;201903;126057.00;
001;002;ACC002;001;201904;124977.00;
001;002;ACC002;001;201905;129161.00;
001;002;ACC002;001;201801;101549.00;
001;002;ACC002;001;201802;101727.00;
001;002;ACC002;001;201803;113524.00;
001;002;ACC002;001;201804;126327.00;
001;002;ACC002;001;201805;123273.00;
001;002;ACC002;001;201806;112322.00;
001;002;ACC002;001;201807;117680.00;
001;002;ACC002;001;201808;114265.00;
001;002;ACC002;001;201809;108708.00;
001;002;ACC002;001;201810;124904.00;
001;002;ACC002;001;201811;104728.00;
001;002;ACC002;001;201812;107009.00;
001;002;ACC002;002;201901;101315.00;
001;002;ACC002;002;201902;127136.00;
001;002;ACC002;002;201903;102157.00;
001;002;ACC002;002;201904;116583.00;
001;002;ACC002;002;201905;111301.00;
001;002;ACC002;002;201801;103030.00;
001;002;ACC002;002;201802;124689.00;
001;002;ACC002;002;201803;125447.00;
001;002;ACC002;002;201804;110745.00;
001;002;ACC002;002;201805;112877.00;
001;002;ACC002;002;201806;111295.00;
001;002;ACC002;002;201807;125184.00;
001;002;ACC002;002;201808;123463.00;
001;002;ACC002;002;201809;116139.00;
001;002;ACC002;002;201810;111813.00;
001;002;ACC002;002;201811;107190.00;
001;002;ACC002;002;201812;121085.00;
001;002;ACC002;003;201901;114795.00;
001;002;ACC002;003;201902;100640.00;
001;002;ACC002;003;201903;109663.00;
001;002;ACC002;003;201904;106408.00;
001;002;ACC002;003;201905;113314.00;
001;002;ACC002;003;201801;103508.00;
001;002;ACC002;003;201802;117727.00;
001;002;ACC002;003;201803;116332.00;
001;002;ACC002;003;201804;129894.00;
001;002;ACC002;003;201805;119144.00;
001;002;ACC002;003;201806;100770.00;
001;002;ACC002;003;201807;124696.00;
001;002;ACC002;003;201808;109103.00;
001;002;ACC002;003;201809;103621.00;
001;002;ACC002;003;201810;124701.00;
001;002;ACC002;003;201811;128326.00;
001;002;ACC002;003;201812;128002.00;
001;002;ACC002;004;201901;129545.00;
001;002;ACC002;004;201902;104663.00;
001;002;ACC002;004;201903;107200.00;
001;002;ACC002;004;201904;119629.00;
001;002;ACC002;004;201905;105870.00;
001;002;ACC002;004;201801;115203.00;
001;002;ACC002;004;201802;101368.00;
001;002;ACC002;004;201803;129530.00;
001;002;ACC002;004;201804;118415.00;
001;002;ACC002;004;201805;118671.00;
001;002;ACC002;004;201806;120431.00;
001;002;ACC002;004;201807;118339.00;
001;002;ACC002;004;201808;102863.00;
001;002;ACC002;004;201809;107134.00;
001;002;ACC002;004;201810;100509.00;
001;002;ACC002;004;201811;110489.00;
001;002;ACC002;004;201812;123180.00;
001;002;ACC002;005;201901;123912.00;
001;002;ACC002;005;201902;124263.00;
001;002;ACC002;005;201903;125065.00;
001;002;ACC002;005;201904;100600.00;
001;002;ACC002;005;201905;118000.00;
001;002;ACC002;005;201801;123627.00;
001;002;ACC002;005;201802;114430.00;
001;002;ACC002;005;201803;100251.00;
001;002;ACC002;005;201804;111406.00;
001;002;ACC002;005;201805;113885.00;
001;002;ACC002;005;201806;123918.00;
001;002;ACC002;005;201807;100750.00;
001;002;ACC002;005;201808;101641.00;
001;002;ACC002;005;201809;109255.00;
001;002;ACC002;005;201810;116594.00;
001;002;ACC002;005;201811;126858.00;
001;002;ACC002;005;201812;125461.00;
001;002;ACC002;006;201901;116593.00;
001;002;ACC002;006;201902;107149.00;
001;002;ACC002;006;201903;129989.00;
001;002;ACC002;006;201904;101456.00;
001;002;ACC002;006;201905;108924.00;
001;002;ACC002;006;201801;115436.00;
001;002;ACC002;006;201802;108295.00;
001;002;ACC002;006;201803;106877.00;
001;002;ACC002;006;201804;124899.00;
001;002;ACC002;006;201805;114836.00;
001;002;ACC002;006;201806;127295.00;
001;002;ACC002;006;201807;127992.00;
001;002;ACC002;006;201808;127031.00;
001;002;ACC002;006;201809;112010.00;
001;002;ACC002;006;201810;100261.00;
001;002;ACC002;006;201811;114206.00;
001;002;ACC002;006;201812;115923.00;
002;001;ACC002;001;201901;109708.00;
002;001;ACC002;001;201902;100437.00;
002;001;ACC002;001;201903;103261.00;
002;001;ACC002;001;201904;127401.00;
002;001;ACC002;001;201905;111544.00;
002;001;ACC002;001;201801;111035.00;
002;001;ACC002;001;201802;122770.00;
002;001;ACC002;001;201803;119378.00;
002;001;ACC002;001;201804;124464.00;
002;001;ACC002;001;201805;101317.00;
002;001;ACC002;001;201806;107449.00;
002;001;ACC002;001;201807;128779.00;
002;001;ACC002;001;201808;116773.00;
002;001;ACC002;001;201809;109416.00;
002;001;ACC002;001;201810;103837.00;
002;001;ACC002;001;201811;121481.00;
002;001;ACC002;001;201812;107402.00;
002;001;ACC002;002;201901;120540.00;
002;001;ACC002;002;201902;123359.00;
002;001;ACC002;002;201903;110499.00;
002;001;ACC002;002;201904;121724.00;
002;001;ACC002;002;201905;114988.00;
002;001;ACC002;002;201801;108826.00;
002;001;ACC002;002;201802;116769.00;
002;001;ACC002;002;201803;123723.00;
002;001;ACC002;002;201804;123101.00;
002;001;ACC002;002;201805;108791.00;
002;001;ACC002;002;201806;117134.00;
002;001;ACC002;002;201807;102258.00;
002;001;ACC002;002;201808;114375.00;
002;001;ACC002;002;201809;101875.00;
002;001;ACC002;002;201810;123656.00;
002;001;ACC002;002;201811;116543.00;
002;001;ACC002;002;201812;115718.00;
002;001;ACC002;003;201901;129546.00;
002;001;ACC002;003;201902;116156.00;
002;001;ACC002;003;201903;123597.00;
002;001;ACC002;003;201904;128059.00;
002;001;ACC002;003;201905;105048.00;
002;001;ACC002;003;201801;126114.00;
002;001;ACC002;003;201802;107219.00;
002;001;ACC002;003;201803;112077.00;
002;001;ACC002;003;201804;114460.00;
002;001;ACC002;003;201805;114119.00;
002;001;ACC002;003;201806;100846.00;
002;001;ACC002;003;201807;108097.00;
002;001;ACC002;003;201808;108125.00;
002;001;ACC002;003;201809;105420.00;
002;001;ACC002;003;201810;123458.00;
002;001;ACC002;003;201811;106511.00;
002;001;ACC002;003;201812;119628.00;
002;001;ACC002;004;201901;121469.00;
002;001;ACC002;004;201902;106902.00;
002;001;ACC002;004;201903;103707.00;
002;001;ACC002;004;201904;124199.00;
002;001;ACC002;004;201905;124720.00;
002;001;ACC002;004;201801;121610.00;
002;001;ACC002;004;201802;116491.00;
002;001;ACC002;004;201803;103678.00;
002;001;ACC002;004;201804;118443.00;
002;001;ACC002;004;201805;102244.00;
002;001;ACC002;004;201806;105636.00;
002;001;ACC002;004;201807;117119.00;
002;001;ACC002;004;201808;110089.00;
002;001;ACC002;004;201809;129442.00;
002;001;ACC002;004;201810;113792.00;
002;001;ACC002;004;201811;112236.00;
002;001;ACC002;004;201812;101055.00;
002;001;ACC002;005;201901;109869.00;
002;001;ACC002;005;201902;117680.00;
002;001;ACC002;005;201903;127884.00;
002;001;ACC002;005;201904;109343.00;
002;001;ACC002;005;201905;115492.00;
002;001;ACC002;005;201801;127245.00;
002;001;ACC002;005;201802;103280.00;
002;001;ACC002;005;201803;109646.00;
002;001;ACC002;005;201804;100527.00;
002;001;ACC002;005;201805;124707.00;
002;001;ACC002;005;201806;115923.00;
002;001;ACC002;005;201807;115625.00;
002;001;ACC002;005;201808;114975.00;
002;001;ACC002;005;201809;103370.00;
002;001;ACC002;005;201810;123676.00;
002;001;ACC002;005;201811;125747.00;
002;001;ACC002;005;201812;124746.00;
002;001;ACC002;006;201901;110406.00;
002;001;ACC002;006;201902;116754.00;
002;001;ACC002;006;201903;112836.00;
002;001;ACC002;006;201904;121518.00;
002;001;ACC002;006;201905;104826.00;
002;001;ACC002;006;201801;124546.00;
002;001;ACC002;006;201802;107105.00;
002;001;ACC002;006;201803;124380.00;
002;001;ACC002;006;201804;116605.00;
002;001;ACC002;006;201805;123869.00;
002;001;ACC002;006;201806;101583.00;
002;001;ACC002;006;201807;124958.00;
002;001;ACC002;006;201808;104371.00;
002;001;ACC002;006;201809;114676.00;
002;001;ACC002;006;201810;117053.00;
002;001;ACC002;006;201811;125861.00;
002;001;ACC002;006;201812;107070.00;
002;002;ACC002;001;201901;125551.00;
002;002;ACC002;001;201902;105777.00;
002;002;ACC002;001;201903;108626.00;
002;002;ACC002;001;201904;110285.00;
002;002;ACC002;001;201905;105976.00;
002;002;ACC002;001;201801;109657.00;
002;002;ACC002;001;201802;100427.00;
002;002;ACC002;001;201803;114553.00;
002;002;ACC002;001;201804;124192.00;
002;002;ACC002;001;201805;126902.00;
002;002;ACC002;001;201806;100568.00;
002;002;ACC002;001;201807;118052.00;
002;002;ACC002;001;201808;103467.00;
002;002;ACC002;001;201809;128873.00;
002;002;ACC002;001;201810;111959.00;
002;002;ACC002;001;201811;121372.00;
002;002;ACC002;001;201812;115342.00;
002;002;ACC002;002;201901;119036.00;
002;002;ACC002;002;201902;127038.00;
002;002;ACC002;002;201903;129399.00;
002;002;ACC002;002;201904;109536.00;
002;002;ACC002;002;201905;105042.00;
002;002;ACC002;002;201801;123134.00;
002;002;ACC002;002;201802;120778.00;
002;002;ACC002;002;201803;114962.00;
002;002;ACC002;002;201804;128887.00;
002;002;ACC002;002;201805;103375.00;
002;002;ACC002;002;201806;101696.00;
002;002;ACC002;002;201807;114687.00;
002;002;ACC002;002;201808;126156.00;
002;002;ACC002;002;201809;110031.00;
002;002;ACC002;002;201810;128869.00;
002;002;ACC002;002;201811;119764.00;
002;002;ACC002;002;201812;107905.00;
002;002;ACC002;003;201901;107819.00;
002;002;ACC002;003;201902;117898.00;
002;002;ACC002;003;201903;117120.00;
002;002;ACC002;003;201904;114460.00;
002;002;ACC002;003;201905;104429.00;
002;002;ACC002;003;201801;107096.00;
002;002;ACC002;003;201802;112409.00;
002;002;ACC002;003;201803;106965.00;
002;002;ACC002;003;201804;110633.00;
002;002;ACC002;003;201805;127643.00;
002;002;ACC002;003;201806;106536.00;
002;002;ACC002;003;201807;106328.00;
002;002;ACC002;003;201808;113137.00;
002;002;ACC002;003;201809;124995.00;
002;002;ACC002;003;201810;119623.00;
002;002;ACC002;003;201811;103585.00;
002;002;ACC002;003;201812;119028.00;
002;002;ACC002;004;201901;125639.00;
002;002;ACC002;004;201902;120015.00;
002;002;ACC002;004;201903;126461.00;
002;002;ACC002;004;201904;127533.00;
002;002;ACC002;004;201905;120508.00;
002;002;ACC002;004;201801;112643.00;
002;002;ACC002;004;201802;117848.00;
002;002;ACC002;004;201803;125323.00;
002;002;ACC002;004;201804;107089.00;
002;002;ACC002;004;201805;106282.00;
002;002;ACC002;004;201806;128730.00;
002;002;ACC002;004;201807;129865.00;
002;002;ACC002;004;201808;128036.00;
002;002;ACC002;004;201809;116871.00;
002;002;ACC002;004;201810;101698.00;
002;002;ACC002;004;201811;128288.00;
002;002;ACC002;004;201812;125562.00;
002;002;ACC002;005;201901;121053.00;
002;002;ACC002;005;201902;124060.00;
002;002;ACC002;005;201903;104251.00;
002;002;ACC002;005;201904;100881.00;
002;002;ACC002;005;201905;114607.00;
002;002;ACC002;005;201801;119941.00;
002;002;ACC002;005;201802;116990.00;
002;002;ACC002;005;201803;102571.00;
002;002;ACC002;005;201804;124409.00;
002;002;ACC002;005;201805;125490.00;
002;002;ACC002;005;201806;114241.00;
002;002;ACC002;005;201807;108633.00;
002;002;ACC002;005;201808;115750.00;
002;002;ACC002;005;201809;108379.00;
002;002;ACC002;005;201810;112073.00;
002;002;ACC002;005;201811;111101.00;
002;002;ACC002;005;201812;107127.00;
002;002;ACC002;006;201901;114391.00;
002;002;ACC002;006;201902;108854.00;
002;002;ACC002;006;201903;123302.00;
002;002;ACC002;006;201904;110371.00;
002;002;ACC002;006;201905;117311.00;
002;002;ACC002;006;201801;105255.00;
002;002;ACC002;006;201802;129272.00;
002;002;ACC002;006;201803;119137.00;
002;002;ACC002;006;201804;127339.00;
002;002;ACC002;006;201805;100814.00;
002;002;ACC002;006;201806;113678.00;
002;002;ACC002;006;201807;107099.00;
002;002;ACC002;006;201808;112597.00;
002;002;ACC002;006;201809;110772.00;
002;002;ACC002;006;201810;104838.00;
002;002;ACC002;006;201811;108039.00;
002;002;ACC002;006;201812;117574.00;
003;001;ACC002;001;201901;103941.00;
003;001;ACC002;001;201902;125562.00;
003;001;ACC002;001;201903;129334.00;
003;001;ACC002;001;201904;118146.00;
003;001;ACC002;001;201905;111032.00;
003;001;ACC002;001;201801;100073.00;
003;001;ACC002;001;201802;109471.00;
003;001;ACC002;001;201803;124962.00;
003;001;ACC002;001;201804;126098.00;
003;001;ACC002;001;201805;117152.00;
003;001;ACC002;001;201806;103606.00;
003;001;ACC002;001;201807;116689.00;
003;001;ACC002;001;201808;121339.00;
003;001;ACC002;001;201809;127902.00;
003;001;ACC002;001;201810;116657.00;
003;001;ACC002;001;201811;118763.00;
003;001;ACC002;001;201812;120908.00;
003;001;ACC002;002;201901;102480.00;
003;001;ACC002;002;201902;122844.00;
003;001;ACC002;002;201903;104985.00;
003;001;ACC002;002;201904;115191.00;
003;001;ACC002;002;201905;103742.00;
003;001;ACC002;002;201801;118805.00;
003;001;ACC002;002;201802;104979.00;
003;001;ACC002;002;201803;111744.00;
003;001;ACC002;002;201804;117267.00;
003;001;ACC002;002;201805;119127.00;
003;001;ACC002;002;201806;103311.00;
003;001;ACC002;002;201807;125472.00;
003;001;ACC002;002;201808;111811.00;
003;001;ACC002;002;201809;114718.00;
003;001;ACC002;002;201810;109403.00;
003;001;ACC002;002;201811;100593.00;
003;001;ACC002;002;201812;128175.00;
003;001;ACC002;003;201901;104437.00;
003;001;ACC002;003;201902;116510.00;
003;001;ACC002;003;201903;111767.00;
003;001;ACC002;003;201904;118980.00;
003;001;ACC002;003;201905;103358.00;
003;001;ACC002;003;201801;108780.00;
003;001;ACC002;003;201802;113831.00;
003;001;ACC002;003;201803;115409.00;
003;001;ACC002;003;201804;121212.00;
003;001;ACC002;003;201805;118102.00;
003;001;ACC002;003;201806;125666.00;
003;001;ACC002;003;201807;102447.00;
003;001;ACC002;003;201808;106000.00;
003;001;ACC002;003;201809;102912.00;
003;001;ACC002;003;201810;127021.00;
003;001;ACC002;003;201811;118335.00;
003;001;ACC002;003;201812;121689.00;
003;001;ACC002;004;201901;108292.00;
003;001;ACC002;004;201902;111993.00;
003;001;ACC002;004;201903;103053.00;
003;001;ACC002;004;201904;102383.00;
003;001;ACC002;004;201905;100199.00;
003;001;ACC002;004;201801;106757.00;
003;001;ACC002;004;201802;124354.00;
003;001;ACC002;004;201803;106402.00;
003;001;ACC002;004;201804;123765.00;
003;001;ACC002;004;201805;110946.00;
003;001;ACC002;004;201806;106159.00;
003;001;ACC002;004;201807;129489.00;
003;001;ACC002;004;201808;114287.00;
003;001;ACC002;004;201809;102433.00;
003;001;ACC002;004;201810;124202.00;
003;001;ACC002;004;201811;116095.00;
003;001;ACC002;004;201812;123163.00;
003;001;ACC002;005;201901;123464.00;
003;001;ACC002;005;201902;100146.00;
003;001;ACC002;005;201903;106996.00;
003;001;ACC002;005;201904;101927.00;
003;001;ACC002;005;201905;129121.00;
003;001;ACC002;005;201801;114064.00;
003;001;ACC002;005;201802;121154.00;
003;001;ACC002;005;201803;129781.00;
003;001;ACC002;005;201804;112529.00;
003;001;ACC002;005;201805;100702.00;
003;001;ACC002;005;201806;109313.00;
003;001;ACC002;005;201807;109296.00;
003;001;ACC002;005;201808;111266.00;
003;001;ACC002;005;201809;116215.00;
003;001;ACC002;005;201810;106289.00;
003;001;ACC002;005;201811;107136.00;
003;001;ACC002;005;201812;120122.00;
003;001;ACC002;006;201901;106426.00;
003;001;ACC002;006;201902;127409.00;
003;001;ACC002;006;201903;127540.00;
003;001;ACC002;006;201904;125792.00;
003;001;ACC002;006;201905;104238.00;
003;001;ACC002;006;201801;109752.00;
003;001;ACC002;006;201802;117413.00;
003;001;ACC002;006;201803;112578.00;
003;001;ACC002;006;201804;109592.00;
003;001;ACC002;006;201805;127833.00;
003;001;ACC002;006;201806;107671.00;
003;001;ACC002;006;201807;115919.00;
003;001;ACC002;006;201808;106925.00;
003;001;ACC002;006;201809;115669.00;
003;001;ACC002;006;201810;101463.00;
003;001;ACC002;006;201811;116352.00;
003;001;ACC002;006;201812;112837.00;
003;002;ACC002;001;201901;109447.00;
003;002;ACC002;001;201902;126875.00;
003;002;ACC002;001;201903;111339.00;
003;002;ACC002;001;201904;119761.00;
003;002;ACC002;001;201905;109170.00;
003;002;ACC002;001;201801;127929.00;
003;002;ACC002;001;201802;111899.00;
003;002;ACC002;001;201803;102601.00;
003;002;ACC002;001;201804;117670.00;
003;002;ACC002;001;201805;106055.00;
003;002;ACC002;001;201806;115041.00;
003;002;ACC002;001;201807;127106.00;
003;002;ACC002;001;201808;112499.00;
003;002;ACC002;001;201809;124731.00;
003;002;ACC002;001;201810;129869.00;
003;002;ACC002;001;201811;122353.00;
003;002;ACC002;001;201812;124164.00;
003;002;ACC002;002;201901;126007.00;
003;002;ACC002;002;201902;126792.00;
003;002;ACC002;002;201903;118555.00;
003;002;ACC002;002;201904;127370.00;
003;002;ACC002;002;201905;119226.00;
003;002;ACC002;002;201801;120393.00;
003;002;ACC002;002;201802;119583.00;
003;002;ACC002;002;201803;119349.00;
003;002;ACC002;002;201804;119528.00;
003;002;ACC002;002;201805;116230.00;
003;002;ACC002;002;201806;113482.00;
003;002;ACC002;002;201807;113862.00;
003;002;ACC002;002;201808;105603.00;
003;002;ACC002;002;201809;115033.00;
003;002;ACC002;002;201810;107849.00;
003;002;ACC002;002;201811;122944.00;
003;002;ACC002;002;201812;128428.00;
003;002;ACC002;003;201901;106767.00;
003;002;ACC002;003;201902;109414.00;
003;002;ACC002;003;201903;125797.00;
003;002;ACC002;003;201904;100360.00;
003;002;ACC002;003;201905;127255.00;
003;002;ACC002;003;201801;129480.00;
003;002;ACC002;003;201802;115640.00;
003;002;ACC002;003;201803;123190.00;
003;002;ACC002;003;201804;116568.00;
003;002;ACC002;003;201805;103697.00;
003;002;ACC002;003;201806;102371.00;
003;002;ACC002;003;201807;115472.00;
003;002;ACC002;003;201808;127093.00;
003;002;ACC002;003;201809;103102.00;
003;002;ACC002;003;201810;107801.00;
003;002;ACC002;003;201811;123566.00;
003;002;ACC002;003;201812;112760.00;
003;002;ACC002;004;201901;119661.00;
003;002;ACC002;004;201902;104671.00;
003;002;ACC002;004;201903;127796.00;
003;002;ACC002;004;201904;115466.00;
003;002;ACC002;004;201905;120221.00;
003;002;ACC002;004;201801;106481.00;
003;002;ACC002;004;201802;121756.00;
003;002;ACC002;004;201803;100412.00;
003;002;ACC002;004;201804;119642.00;
003;002;ACC002;004;201805;111699.00;
003;002;ACC002;004;201806;128416.00;
003;002;ACC002;004;201807;118739.00;
003;002;ACC002;004;201808;112066.00;
003;002;ACC002;004;201809;121021.00;
003;002;ACC002;004;201810;107192.00;
003;002;ACC002;004;201811;104161.00;
003;002;ACC002;004;201812;114070.00;
003;002;ACC002;005;201901;117963.00;
003;002;ACC002;005;201902;120455.00;
003;002;ACC002;005;201903;126556.00;
003;002;ACC002;005;201904;123804.00;
003;002;ACC002;005;201905;128751.00;
003;002;ACC002;005;201801;127312.00;
003;002;ACC002;005;201802;102914.00;
003;002;ACC002;005;201803;104180.00;
003;002;ACC002;005;201804;102657.00;
003;002;ACC002;005;201805;116696.00;
003;002;ACC002;005;201806;117211.00;
003;002;ACC002;005;201807;103877.00;
003;002;ACC002;005;201808;122435.00;
003;002;ACC002;005;201809;113127.00;
003;002;ACC002;005;201810;105681.00;
003;002;ACC002;005;201811;120295.00;
003;002;ACC002;005;201812;122843.00;
003;002;ACC002;006;201901;125371.00;
003;002;ACC002;006;201902;103178.00;
003;002;ACC002;006;201903;125147.00;
003;002;ACC002;006;201904;112961.00;
003;002;ACC002;006;201905;116546.00;
003;002;ACC002;006;201801;102933.00;
003;002;ACC002;006;201802;104040.00;
003;002;ACC002;006;201803;129947.00;
003;002;ACC002;006;201804;107613.00;
003;002;ACC002;006;201805;117780.00;
003;002;ACC002;006;201806;117224.00;
003;002;ACC002;006;201807;104451.00;
003;002;ACC002;006;201808;104502.00;
003;002;ACC002;006;201809;112676.00;
003;002;ACC002;006;201810;125179.00;
003;002;ACC002;006;201811;111310.00;
003;002;ACC002;006;201812;113022.00;
004;001;ACC002;001;201901;115139.00;
004;001;ACC002;001;201902;117346.00;
004;001;ACC002;001;201903;127009.00;
004;001;ACC002;001;201904;118956.00;
004;001;ACC002;001;201905;120910.00;
004;001;ACC002;001;201801;107358.00;
004;001;ACC002;001;201802;124881.00;
004;001;ACC002;001;201803;111286.00;
004;001;ACC002;001;201804;117563.00;
004;001;ACC002;001;201805;119784.00;
004;001;ACC002;001;201806;104544.00;
004;001;ACC002;001;201807;126535.00;
004;001;ACC002;001;201808;127207.00;
004;001;ACC002;001;201809;128571.00;
004;001;ACC002;001;201810;122735.00;
004;001;ACC002;001;201811;128443.00;
004;001;ACC002;001;201812;119223.00;
004;001;ACC002;002;201901;125649.00;
004;001;ACC002;002;201902;104013.00;
004;001;ACC002;002;201903;109013.00;
004;001;ACC002;002;201904;101109.00;
004;001;ACC002;002;201905;101417.00;
004;001;ACC002;002;201801;117522.00;
004;001;ACC002;002;201802;122515.00;
004;001;ACC002;002;201803;123856.00;
004;001;ACC002;002;201804;121137.00;
004;001;ACC002;002;201805;109531.00;
004;001;ACC002;002;201806;115690.00;
004;001;ACC002;002;201807;129729.00;
004;001;ACC002;002;201808;128155.00;
004;001;ACC002;002;201809;104020.00;
004;001;ACC002;002;201810;122032.00;
004;001;ACC002;002;201811;122566.00;
004;001;ACC002;002;201812;109412.00;
004;001;ACC002;003;201901;127988.00;
004;001;ACC002;003;201902;118334.00;
004;001;ACC002;003;201903;123286.00;
004;001;ACC002;003;201904;103886.00;
004;001;ACC002;003;201905;104461.00;
004;001;ACC002;003;201801;125819.00;
004;001;ACC002;003;201802;100266.00;
004;001;ACC002;003;201803;101675.00;
004;001;ACC002;003;201804;128982.00;
004;001;ACC002;003;201805;113148.00;
004;001;ACC002;003;201806;129495.00;
004;001;ACC002;003;201807;103412.00;
004;001;ACC002;003;201808;110406.00;
004;001;ACC002;003;201809;119209.00;
004;001;ACC002;003;201810;124488.00;
004;001;ACC002;003;201811;106007.00;
004;001;ACC002;003;201812;115278.00;
004;001;ACC002;004;201901;117026.00;
004;001;ACC002;004;201902;121165.00;
004;001;ACC002;004;201903;102296.00;
004;001;ACC002;004;201904;111913.00;
004;001;ACC002;004;201905;113721.00;
004;001;ACC002;004;201801;129823.00;
004;001;ACC002;004;201802;104494.00;
004;001;ACC002;004;201803;125099.00;
004;001;ACC002;004;201804;129772.00;
004;001;ACC002;004;201805;127827.00;
004;001;ACC002;004;201806;109190.00;
004;001;ACC002;004;201807;111557.00;
004;001;ACC002;004;201808;119408.00;
004;001;ACC002;004;201809;115764.00;
004;001;ACC002;004;201810;112512.00;
004;001;ACC002;004;201811;103968.00;
004;001;ACC002;004;201812;117794.00;
004;001;ACC002;005;201901;100583.00;
004;001;ACC002;005;201902;104400.00;
004;001;ACC002;005;201903;105157.00;
004;001;ACC002;005;201904;115336.00;
004;001;ACC002;005;201905;121188.00;
004;001;ACC002;005;201801;108194.00;
004;001;ACC002;005;201802;108747.00;
004;001;ACC002;005;201803;129433.00;
004;001;ACC002;005;201804;102434.00;
004;001;ACC002;005;201805;104374.00;
004;001;ACC002;005;201806;123019.00;
004;001;ACC002;005;201807;120444.00;
004;001;ACC002;005;201808;110731.00;
004;001;ACC002;005;201809;120322.00;
004;001;ACC002;005;201810;121201.00;
004;001;ACC002;005;201811;123721.00;
004;001;ACC002;005;201812;112876.00;
004;001;ACC002;006;201901;116994.00;
004;001;ACC002;006;201902;100866.00;
004;001;ACC002;006;201903;120269.00;
004;001;ACC002;006;201904;127498.00;
004;001;ACC002;006;201905;114266.00;
004;001;ACC002;006;201801;118511.00;
004;001;ACC002;006;201802;118791.00;
004;001;ACC002;006;201803;108786.00;
004;001;ACC002;006;201804;104689.00;
004;001;ACC002;006;201805;127991.00;
004;001;ACC002;006;201806;121075.00;
004;001;ACC002;006;201807;120117.00;
004;001;ACC002;006;201808;109574.00;
004;001;ACC002;006;201809;127383.00;
004;001;ACC002;006;201810;116983.00;
004;001;ACC002;006;201811;129443.00;
004;001;ACC002;006;201812;122611.00;
004;002;ACC002;001;201901;118625.00;
004;002;ACC002;001;201902;120087.00;
004;002;ACC002;001;201903;100850.00;
004;002;ACC002;001;201904;129942.00;
004;002;ACC002;001;201905;125837.00;
004;002;ACC002;001;201801;112971.00;
004;002;ACC002;001;201802;123549.00;
004;002;ACC002;001;201803;112479.00;
004;002;ACC002;001;201804;111286.00;
004;002;ACC002;001;201805;125449.00;
004;002;ACC002;001;201806;111474.00;
004;002;ACC002;001;201807;104655.00;
004;002;ACC002;001;201808;119041.00;
004;002;ACC002;001;201809;107505.00;
004;002;ACC002;001;201810;117988.00;
004;002;ACC002;001;201811;117836.00;
004;002;ACC002;001;201812;106531.00;
004;002;ACC002;002;201901;128770.00;
004;002;ACC002;002;201902;111646.00;
004;002;ACC002;002;201903;113698.00;
004;002;ACC002;002;201904;120295.00;
004;002;ACC002;002;201905;116317.00;
004;002;ACC002;002;201801;115889.00;
004;002;ACC002;002;201802;116365.00;
004;002;ACC002;002;201803;106549.00;
004;002;ACC002;002;201804;116499.00;
004;002;ACC002;002;201805;110202.00;
004;002;ACC002;002;201806;117672.00;
004;002;ACC002;002;201807;109316.00;
004;002;ACC002;002;201808;122860.00;
004;002;ACC002;002;201809;106990.00;
004;002;ACC002;002;201810;106036.00;
004;002;ACC002;002;201811;121000.00;
004;002;ACC002;002;201812;118119.00;
004;002;ACC002;003;201901;101696.00;
004;002;ACC002;003;201902;101114.00;
004;002;ACC002;003;201903;122871.00;
004;002;ACC002;003;201904;112934.00;
004;002;ACC002;003;201905;121156.00;
004;002;ACC002;003;201801;117895.00;
004;002;ACC002;003;201802;126720.00;
004;002;ACC002;003;201803;115019.00;
004;002;ACC002;003;201804;102979.00;
004;002;ACC002;003;201805;123061.00;
004;002;ACC002;003;201806;107317.00;
004;002;ACC002;003;201807;104130.00;
004;002;ACC002;003;201808;115647.00;
004;002;ACC002;003;201809;120485.00;
004;002;ACC002;003;201810;103086.00;
004;002;ACC002;003;201811;102281.00;
004;002;ACC002;003;201812;103042.00;
004;002;ACC002;004;201901;128612.00;
004;002;ACC002;004;201902;105336.00;
004;002;ACC002;004;201903;115744.00;
004;002;ACC002;004;201904;102315.00;
004;002;ACC002;004;201905;102308.00;
004;002;ACC002;004;201801;104198.00;
004;002;ACC002;004;201802;114484.00;
004;002;ACC002;004;201803;123392.00;
004;002;ACC002;004;201804;109338.00;
004;002;ACC002;004;201805;102768.00;
004;002;ACC002;004;201806;105877.00;
004;002;ACC002;004;201807;103163.00;
004;002;ACC002;004;201808;118426.00;
004;002;ACC002;004;201809;118458.00;
004;002;ACC002;004;201810;105438.00;
004;002;ACC002;004;201811;113655.00;
004;002;ACC002;004;201812;100922.00;
004;002;ACC002;005;201901;105808.00;
004;002;ACC002;005;201902;116874.00;
004;002;ACC002;005;201903;124964.00;
004;002;ACC002;005;201904;123597.00;
004;002;ACC002;005;201905;107614.00;
004;002;ACC002;005;201801;123751.00;
004;002;ACC002;005;201802;116978.00;
004;002;ACC002;005;201803;105276.00;
004;002;ACC002;005;201804;113337.00;
004;002;ACC002;005;201805;122827.00;
004;002;ACC002;005;201806;109048.00;
004;002;ACC002;005;201807;102418.00;
004;002;ACC002;005;201808;100851.00;
004;002;ACC002;005;201809;119716.00;
004;002;ACC002;005;201810;114585.00;
004;002;ACC002;005;201811;107034.00;
004;002;ACC002;005;201812;119818.00;
004;002;ACC002;006;201901;108377.00;
004;002;ACC002;006;201902;100699.00;
004;002;ACC002;006;201903;105255.00;
004;002;ACC002;006;201904;115803.00;
004;002;ACC002;006;201905;129388.00;
004;002;ACC002;006;201801;126915.00;
004;002;ACC002;006;201802;108387.00;
004;002;ACC002;006;201803;119541.00;
004;002;ACC002;006;201804;111817.00;
004;002;ACC002;006;201805;115126.00;
004;002;ACC002;006;201806;120843.00;
004;002;ACC002;006;201807;111855.00;
004;002;ACC002;006;201808;114553.00;
004;002;ACC002;006;201809;104603.00;
004;002;ACC002;006;201810;101878.00;
004;002;ACC002;006;201811;120475.00;
004;002;ACC002;006;201812;114725.00;
005;001;ACC002;001;201901;114676.00;
005;001;ACC002;001;201902;116211.00;
005;001;ACC002;001;201903;107316.00;
005;001;ACC002;001;201904;109445.00;
005;001;ACC002;001;201905;120998.00;
005;001;ACC002;001;201801;111585.00;
005;001;ACC002;001;201802;128766.00;
005;001;ACC002;001;201803;127038.00;
005;001;ACC002;001;201804;118970.00;
005;001;ACC002;001;201805;111370.00;
005;001;ACC002;001;201806;105435.00;
005;001;ACC002;001;201807;120973.00;
005;001;ACC002;001;201808;108486.00;
005;001;ACC002;001;201809;113051.00;
005;001;ACC002;001;201810;121291.00;
005;001;ACC002;001;201811;126128.00;
005;001;ACC002;001;201812;128607.00;
005;001;ACC002;002;201901;110080.00;
005;001;ACC002;002;201902;104738.00;
005;001;ACC002;002;201903;108399.00;
005;001;ACC002;002;201904;115118.00;
005;001;ACC002;002;201905;106420.00;
005;001;ACC002;002;201801;119959.00;
005;001;ACC002;002;201802;116577.00;
005;001;ACC002;002;201803;104055.00;
005;001;ACC002;002;201804;125796.00;
005;001;ACC002;002;201805;108624.00;
005;001;ACC002;002;201806;126134.00;
005;001;ACC002;002;201807;123421.00;
005;001;ACC002;002;201808;128784.00;
005;001;ACC002;002;201809;118224.00;
005;001;ACC002;002;201810;107169.00;
005;001;ACC002;002;201811;111943.00;
005;001;ACC002;002;201812;116126.00;
005;001;ACC002;003;201901;105039.00;
005;001;ACC002;003;201902;128374.00;
005;001;ACC002;003;201903;129717.00;
005;001;ACC002;003;201904;110372.00;
005;001;ACC002;003;201905;117379.00;
005;001;ACC002;003;201801;119113.00;
005;001;ACC002;003;201802;106489.00;
005;001;ACC002;003;201803;118764.00;
005;001;ACC002;003;201804;110417.00;
005;001;ACC002;003;201805;115544.00;
005;001;ACC002;003;201806;102951.00;
005;001;ACC002;003;201807;128567.00;
005;001;ACC002;003;201808;103331.00;
005;001;ACC002;003;201809;102074.00;
005;001;ACC002;003;201810;129552.00;
005;001;ACC002;003;201811;115726.00;
005;001;ACC002;003;201812;115945.00;
005;001;ACC002;004;201901;124522.00;
005;001;ACC002;004;201902;127140.00;
005;001;ACC002;004;201903;112075.00;
005;001;ACC002;004;201904;129607.00;
005;001;ACC002;004;201905;108256.00;
005;001;ACC002;004;201801;126251.00;
005;001;ACC002;004;201802;120739.00;
005;001;ACC002;004;201803;105389.00;
005;001;ACC002;004;201804;125202.00;
005;001;ACC002;004;201805;102960.00;
005;001;ACC002;004;201806;102631.00;
005;001;ACC002;004;201807;103617.00;
005;001;ACC002;004;201808;120186.00;
005;001;ACC002;004;201809;123146.00;
005;001;ACC002;004;201810;128265.00;
005;001;ACC002;004;201811;109030.00;
005;001;ACC002;004;201812;122360.00;
005;001;ACC002;005;201901;108011.00;
005;001;ACC002;005;201902;122916.00;
005;001;ACC002;005;201903;126410.00;
005;001;ACC002;005;201904;118235.00;
005;001;ACC002;005;201905;122701.00;
005;001;ACC002;005;201801;115624.00;
005;001;ACC002;005;201802;101910.00;
005;001;ACC002;005;201803;126353.00;
005;001;ACC002;005;201804;126002.00;
005;001;ACC002;005;201805;104414.00;
005;001;ACC002;005;201806;113626.00;
005;001;ACC002;005;201807;105487.00;
005;001;ACC002;005;201808;122465.00;
005;001;ACC002;005;201809;106550.00;
005;001;ACC002;005;201810;126582.00;
005;001;ACC002;005;201811;107694.00;
005;001;ACC002;005;201812;112838.00;
005;001;ACC002;006;201901;123701.00;
005;001;ACC002;006;201902;110029.00;
005;001;ACC002;006;201903;129867.00;
005;001;ACC002;006;201904;116519.00;
005;001;ACC002;006;201905;126783.00;
005;001;ACC002;006;201801;102122.00;
005;001;ACC002;006;201802;108978.00;
005;001;ACC002;006;201803;104983.00;
005;001;ACC002;006;201804;122176.00;
005;001;ACC002;006;201805;116153.00;
005;001;ACC002;006;201806;103857.00;
005;001;ACC002;006;201807;115147.00;
005;001;ACC002;006;201808;120231.00;
005;001;ACC002;006;201809;122398.00;
005;001;ACC002;006;201810;104685.00;
005;001;ACC002;006;201811;119537.00;
005;001;ACC002;006;201812;110970.00;
005;002;ACC002;001;201901;124062.00;
005;002;ACC002;001;201902;106635.00;
005;002;ACC002;001;201903;119315.00;
005;002;ACC002;001;201904;127710.00;
005;002;ACC002;001;201905;101821.00;
005;002;ACC002;001;201801;111515.00;
005;002;ACC002;001;201802;110165.00;
005;002;ACC002;001;201803;103253.00;
005;002;ACC002;001;201804;112253.00;
005;002;ACC002;001;201805;121837.00;
005;002;ACC002;001;201806;107112.00;
005;002;ACC002;001;201807;129901.00;
005;002;ACC002;001;201808;102736.00;
005;002;ACC002;001;201809;126410.00;
005;002;ACC002;001;201810;106048.00;
005;002;ACC002;001;201811;125922.00;
005;002;ACC002;001;201812;107347.00;
005;002;ACC002;002;201901;129444.00;
005;002;ACC002;002;201902;118236.00;
005;002;ACC002;002;201903;109162.00;
005;002;ACC002;002;201904;105841.00;
005;002;ACC002;002;201905;111228.00;
005;002;ACC002;002;201801;120793.00;
005;002;ACC002;002;201802;117431.00;
005;002;ACC002;002;201803;113251.00;
005;002;ACC002;002;201804;100524.00;
005;002;ACC002;002;201805;129471.00;
005;002;ACC002;002;201806;128052.00;
005;002;ACC002;002;201807;111206.00;
005;002;ACC002;002;201808;105770.00;
005;002;ACC002;002;201809;112015.00;
005;002;ACC002;002;201810;108940.00;
005;002;ACC002;002;201811;115950.00;
005;002;ACC002;002;201812;111495.00;
005;002;ACC002;003;201901;112487.00;
005;002;ACC002;003;201902;119946.00;
005;002;ACC002;003;201903;118379.00;
005;002;ACC002;003;201904;115128.00;
005;002;ACC002;003;201905;121879.00;
005;002;ACC002;003;201801;128513.00;
005;002;ACC002;003;201802;119702.00;
005;002;ACC002;003;201803;113265.00;
005;002;ACC002;003;201804;114529.00;
005;002;ACC002;003;201805;110285.00;
005;002;ACC002;003;201806;101866.00;
005;002;ACC002;003;201807;105081.00;
005;002;ACC002;003;201808;119439.00;
005;002;ACC002;003;201809;119742.00;
005;002;ACC002;003;201810;127809.00;
005;002;ACC002;003;201811;119225.00;
005;002;ACC002;003;201812;112884.00;
005;002;ACC002;004;201901;122953.00;
005;002;ACC002;004;201902;116449.00;
005;002;ACC002;004;201903;110374.00;
005;002;ACC002;004;201904;105128.00;
005;002;ACC002;004;201905;112834.00;
005;002;ACC002;004;201801;115842.00;
005;002;ACC002;004;201802;101883.00;
005;002;ACC002;004;201803;114458.00;
005;002;ACC002;004;201804;101297.00;
005;002;ACC002;004;201805;112044.00;
005;002;ACC002;004;201806;112112.00;
005;002;ACC002;004;201807;122046.00;
005;002;ACC002;004;201808;106483.00;
005;002;ACC002;004;201809;109821.00;
005;002;ACC002;004;201810;128172.00;
005;002;ACC002;004;201811;113951.00;
005;002;ACC002;004;201812;121241.00;
005;002;ACC002;005;201901;113923.00;
005;002;ACC002;005;201902;116101.00;
005;002;ACC002;005;201903;107543.00;
005;002;ACC002;005;201904;122218.00;
005;002;ACC002;005;201905;107565.00;
005;002;ACC002;005;201801;119722.00;
005;002;ACC002;005;201802;119460.00;
005;002;ACC002;005;201803;122575.00;
005;002;ACC002;005;201804;126698.00;
005;002;ACC002;005;201805;110508.00;
005;002;ACC002;005;201806;115565.00;
005;002;ACC002;005;201807;108170.00;
005;002;ACC002;005;201808;111084.00;
005;002;ACC002;005;201809;109728.00;
005;002;ACC002;005;201810;100243.00;
005;002;ACC002;005;201811;121981.00;
005;002;ACC002;005;201812;122886.00;
005;002;ACC002;006;201901;119061.00;
005;002;ACC002;006;201902;122490.00;
005;002;ACC002;006;201903;105575.00;
005;002;ACC002;006;201904;106366.00;
005;002;ACC002;006;201905;129653.00;
005;002;ACC002;006;201801;104104.00;
005;002;ACC002;006;201802;116495.00;
005;002;ACC002;006;201803;100670.00;
005;002;ACC002;006;201804;120582.00;
005;002;ACC002;006;201805;116468.00;
005;002;ACC002;006;201806;107589.00;
005;002;ACC002;006;201807;121218.00;
005;002;ACC002;006;201808;108046.00;
005;002;ACC002;006;201809;100463.00;
005;002;ACC002;006;201810;103693.00;
005;002;ACC002;006;201811;121129.00;
005;002;ACC002;006;201812;128197.00;
007;001;ACC002;001;201901;105819.00;
007;001;ACC002;001;201902;111707.00;
007;001;ACC002;001;201903;111681.00;
007;001;ACC002;001;201904;120666.00;
007;001;ACC002;001;201905;115388.00;
007;001;ACC002;001;201801;126727.00;
007;001;ACC002;001;201802;120914.00;
007;001;ACC002;001;201803;112552.00;
007;001;ACC002;001;201804;116135.00;
007;001;ACC002;001;201805;105333.00;
007;001;ACC002;001;201806;116318.00;
007;001;ACC002;001;201807;106287.00;
007;001;ACC002;001;201808;120212.00;
007;001;ACC002;001;201809;102315.00;
007;001;ACC002;001;201810;111869.00;
007;001;ACC002;001;201811;100065.00;
007;001;ACC002;001;201812;113596.00;
007;001;ACC002;002;201901;120760.00;
007;001;ACC002;002;201902;105682.00;
007;001;ACC002;002;201903;108376.00;
007;001;ACC002;002;201904;114875.00;
007;001;ACC002;002;201905;114269.00;
007;001;ACC002;002;201801;111997.00;
007;001;ACC002;002;201802;121047.00;
007;001;ACC002;002;201803;121548.00;
007;001;ACC002;002;201804;116982.00;
007;001;ACC002;002;201805;103253.00;
007;001;ACC002;002;201806;111870.00;
007;001;ACC002;002;201807;101357.00;
007;001;ACC002;002;201808;118652.00;
007;001;ACC002;002;201809;110045.00;
007;001;ACC002;002;201810;111872.00;
007;001;ACC002;002;201811;117041.00;
007;001;ACC002;002;201812;112886.00;
007;001;ACC002;003;201901;103909.00;
007;001;ACC002;003;201902;118536.00;
007;001;ACC002;003;201903;110299.00;
007;001;ACC002;003;201904;102220.00;
007;001;ACC002;003;201905;103673.00;
007;001;ACC002;003;201801;125763.00;
007;001;ACC002;003;201802;114660.00;
007;001;ACC002;003;201803;123813.00;
007;001;ACC002;003;201804;113517.00;
007;001;ACC002;003;201805;128771.00;
007;001;ACC002;003;201806;100177.00;
007;001;ACC002;003;201807;124382.00;
007;001;ACC002;003;201808;100370.00;
007;001;ACC002;003;201809;114153.00;
007;001;ACC002;003;201810;125720.00;
007;001;ACC002;003;201811;121153.00;
007;001;ACC002;003;201812;124449.00;
007;001;ACC002;004;201901;109702.00;
007;001;ACC002;004;201902;128010.00;
007;001;ACC002;004;201903;112752.00;
007;001;ACC002;004;201904;113322.00;
007;001;ACC002;004;201905;121549.00;
007;001;ACC002;004;201801;129709.00;
007;001;ACC002;004;201802;120633.00;
007;001;ACC002;004;201803;129117.00;
007;001;ACC002;004;201804;128406.00;
007;001;ACC002;004;201805;123473.00;
007;001;ACC002;004;201806;109044.00;
007;001;ACC002;004;201807;111195.00;
007;001;ACC002;004;201808;127482.00;
007;001;ACC002;004;201809;125287.00;
007;001;ACC002;004;201810;104445.00;
007;001;ACC002;004;201811;119246.00;
007;001;ACC002;004;201812;107325.00;
007;001;ACC002;005;201901;128406.00;
007;001;ACC002;005;201902;123332.00;
007;001;ACC002;005;201903;119765.00;
007;001;ACC002;005;201904;111376.00;
007;001;ACC002;005;201905;117086.00;
007;001;ACC002;005;201801;109919.00;
007;001;ACC002;005;201802;123716.00;
007;001;ACC002;005;201803;121061.00;
007;001;ACC002;005;201804;100751.00;
007;001;ACC002;005;201805;113225.00;
007;001;ACC002;005;201806;120870.00;
007;001;ACC002;005;201807;127165.00;
007;001;ACC002;005;201808;116612.00;
007;001;ACC002;005;201809;119100.00;
007;001;ACC002;005;201810;116149.00;
007;001;ACC002;005;201811;110203.00;
007;001;ACC002;005;201812;124202.00;
007;001;ACC002;006;201901;100342.00;
007;001;ACC002;006;201902;113862.00;
007;001;ACC002;006;201903;104288.00;
007;001;ACC002;006;201904;129564.00;
007;001;ACC002;006;201905;112359.00;
007;001;ACC002;006;201801;118826.00;
007;001;ACC002;006;201802;119665.00;
007;001;ACC002;006;201803;103102.00;
007;001;ACC002;006;201804;105266.00;
007;001;ACC002;006;201805;102289.00;
007;001;ACC002;006;201806;105616.00;
007;001;ACC002;006;201807;112617.00;
007;001;ACC002;006;201808;116034.00;
007;001;ACC002;006;201809;103483.00;
007;001;ACC002;006;201810;125731.00;
007;001;ACC002;006;201811;105135.00;
007;001;ACC002;006;201812;123044.00;
007;002;ACC002;001;201901;115746.00;
007;002;ACC002;001;201902;102387.00;
007;002;ACC002;001;201903;101387.00;
007;002;ACC002;001;201904;113072.00;
007;002;ACC002;001;201905;122616.00;
007;002;ACC002;001;201801;118091.00;
007;002;ACC002;001;201802;119036.00;
007;002;ACC002;001;201803;122260.00;
007;002;ACC002;001;201804;120797.00;
007;002;ACC002;001;201805;116484.00;
007;002;ACC002;001;201806;129763.00;
007;002;ACC002;001;201807;101952.00;
007;002;ACC002;001;201808;111794.00;
007;002;ACC002;001;201809;104372.00;
007;002;ACC002;001;201810;122894.00;
007;002;ACC002;001;201811;100992.00;
007;002;ACC002;001;201812;103279.00;
007;002;ACC002;002;201901;124945.00;
007;002;ACC002;002;201902;120583.00;
007;002;ACC002;002;201903;114958.00;
007;002;ACC002;002;201904;107761.00;
007;002;ACC002;002;201905;116047.00;
007;002;ACC002;002;201801;104506.00;
007;002;ACC002;002;201802;100100.00;
007;002;ACC002;002;201803;108274.00;
007;002;ACC002;002;201804;111820.00;
007;002;ACC002;002;201805;107629.00;
007;002;ACC002;002;201806;118099.00;
007;002;ACC002;002;201807;108444.00;
007;002;ACC002;002;201808;114716.00;
007;002;ACC002;002;201809;109742.00;
007;002;ACC002;002;201810;125138.00;
007;002;ACC002;002;201811;122029.00;
007;002;ACC002;002;201812;123567.00;
007;002;ACC002;003;201901;103353.00;
007;002;ACC002;003;201902;113761.00;
007;002;ACC002;003;201903;108816.00;
007;002;ACC002;003;201904;111130.00;
007;002;ACC002;003;201905;107726.00;
007;002;ACC002;003;201801;125770.00;
007;002;ACC002;003;201802;115251.00;
007;002;ACC002;003;201803;107303.00;
007;002;ACC002;003;201804;121561.00;
007;002;ACC002;003;201805;102342.00;
007;002;ACC002;003;201806;119902.00;
007;002;ACC002;003;201807;101149.00;
007;002;ACC002;003;201808;123472.00;
007;002;ACC002;003;201809;127916.00;
007;002;ACC002;003;201810;112721.00;
007;002;ACC002;003;201811;111625.00;
007;002;ACC002;003;201812;112754.00;
007;002;ACC002;004;201901;108538.00;
007;002;ACC002;004;201902;105148.00;
007;002;ACC002;004;201903;120177.00;
007;002;ACC002;004;201904;115282.00;
007;002;ACC002;004;201905;129699.00;
007;002;ACC002;004;201801;127881.00;
007;002;ACC002;004;201802;101287.00;
007;002;ACC002;004;201803;104798.00;
007;002;ACC002;004;201804;110795.00;
007;002;ACC002;004;201805;110461.00;
007;002;ACC002;004;201806;100936.00;
007;002;ACC002;004;201807;113816.00;
007;002;ACC002;004;201808;106080.00;
007;002;ACC002;004;201809;106741.00;
007;002;ACC002;004;201810;104624.00;
007;002;ACC002;004;201811;109922.00;
007;002;ACC002;004;201812;118226.00;
007;002;ACC002;005;201901;101018.00;
007;002;ACC002;005;201902;109133.00;
007;002;ACC002;005;201903;122175.00;
007;002;ACC002;005;201904;122149.00;
007;002;ACC002;005;201905;117218.00;
007;002;ACC002;005;201801;124812.00;
007;002;ACC002;005;201802;129706.00;
007;002;ACC002;005;201803;100457.00;
007;002;ACC002;005;201804;124485.00;
007;002;ACC002;005;201805;10216400;
007;002;ACC002;005;201806;110198.00;
007;002;ACC002;005;201807;107124.00;
007;002;ACC002;005;201808;118347.00;
007;002;ACC002;005;201809;109712.00;
007;002;ACC002;005;201810;105378.00;
007;002;ACC002;005;201811;126818.00;
007;002;ACC002;005;201812;101962.00;
007;002;ACC002;006;201901;101203.00;
007;002;ACC002;006;201902;119989.00;
007;002;ACC002;006;201903;101851.00;
007;002;ACC002;006;201904;108284.00;
007;002;ACC002;006;201905;103654.00;
007;002;ACC002;006;201801;115880.00;
007;002;ACC002;006;201802;107529.00;
007;002;ACC002;006;201803;106331.00;
007;002;ACC002;006;201804;126930.00;
007;002;ACC002;006;201805;115309.00;
007;002;ACC002;006;201806;114314.00;
007;002;ACC002;006;201807;123487.00;
007;002;ACC002;006;201808;115480.00;
007;002;ACC002;006;201809;125600.00;
007;002;ACC002;006;201810;115277.00;
007;002;ACC002;006;201811;121227.00;
007;002;ACC002;006;201812;105245.00;